SKU,Script,Address,Chain
2016BTCC-5-VSERIES-2STAR-AP-0,76a914f1eff7d230d533fd0f36c78c5ff06d13d81bdd4188ac,1P4FKWDAkY16CJZ2fkcsNW6v9gmye7ZQbp,bitcoin
2016BTCC-5-VSERIES-2STAR-AP-1,76a914f1f06e2d15648cc7df39821d27dbeb01d701648a88ac,1P4FsdLUtKPvwKgZtyXPZj5h97wyg7rRkK,bitcoin
2016BTCC-5-VSERIES-2STAR-AP-2,76a914f20ebe566f5cae94d39f8cf1ca528095e1eea88c88ac,1P4tBpYd29HWvZSUrBmhcnssjsDXcUuHLK,bitcoin
2016BTCC-5-VSERIES-2STAR-AP-3,76a914f2190967bb22c579f1f86ddecdfada36ac3678a488ac,1P56X1MUuhjmwxo4nfhV3iz8EciHhsj9sD,bitcoin
2016BTCC-5-VSERIES-2STAR-AP-4,76a914f221e3d5eb6f6e47a15297276dfabfa3ee35137688ac,1P5H898pPVmTPAUwBqcvfyp1sfbrkprj7a,bitcoin
2019POLYMERBIT-10TH-ANNIVERSARY-AA001,76a914b0bbd79cac5fa540a3bd9a4b00f35697847b712d88ac,1H7UxGdHirHC5oBibvoCHyqZsdnWkRkeZW,bitcoin
2019POLYMERBIT-10TH-ANNIVERSARY-AA002,76a914951e91b1025bff8f7226e1e6865a5650311b2a7b88ac,1EbUJZa1V8Uz52pUXbUr7yR1XsCFAVKkyX,bitcoin
2019POLYMERBIT-10TH-ANNIVERSARY-AA003,76a914d7691efc0d65d253114d617adaede5b504129cae88ac,1LdzDBVsNFWX4ctuJQ1GfJwWeoQ65hFpsp,bitcoin
2019POLYMERBIT-10TH-ANNIVERSARY-AA004,76a914facadb89cd3a4d02072573e27a823c7572ac9a7588ac,1Ps4wkRrMPPYSdccpf9hsCfm44SJuFoemB,bitcoin
2019POLYMERBIT-10TH-ANNIVERSARY-AA005,76a914057276238c44c27609939caf87a80c0f66e8031b88ac,1VoVtAizG1UyzJRZTV1NzHnsTxg1w9HCU,bitcoin
2019POLYMERBIT-10TH-ANNIVERSARY-AA006,76a914aa3c7de67ba8a91d183b5e6266f5c3523accd10788ac,1GX8LezPX4WdYB8HNwueCquUQYQSWDDEDw,bitcoin
2019POLYMERBIT-10TH-ANNIVERSARY-AA007,76a9141beb284a8fd8e8a93418cfafa843fa70d61c226888ac,13YcxCfiG1uMwKso12ZnY1HiW4mBt42PyR,bitcoin
2019POLYMERBIT-10TH-ANNIVERSARY-AA008,76a9147c410a3312edb426b090448deadc7e93e3bb00ee88ac,1CKzhqPwhFWpipchccJ9Vr3K1RvP4L7zBD,bitcoin
2019POLYMERBIT-10TH-ANNIVERSARY-AA009,76a91402993353984c32daf7da6a1fc34ab8596108ad5288ac,1EjswZEebMEQcnh8myCin5jNtkkcbLiV4,bitcoin
2019POLYMERBIT-10TH-ANNIVERSARY-AA010,76a9145f7946ac41502170b0451a1ec269a6a404dc56c488ac,19hpUdhKFS4jwiK1Cs5VmkftSWDH64EC7Y,bitcoin
2019POLYMERBIT-10TH-ANNIVERSARY-AA011,76a91404356d22d90d281a686e46e122dc2026fa6fa63e88ac,1PFhtmo2DBY3NqLyyEVMpBde2C8bx8BPR,bitcoin
2019POLYMERBIT-10TH-ANNIVERSARY-AA012,76a914101605d407dc6953395d8fd3e63f40640d7bcf2588ac,12U4CEoQsa9QK932WYJNp8ij2Mm8A5jEnQ,bitcoin
2019POLYMERBIT-10TH-ANNIVERSARY-AA013,76a914e9d54b430488ccf4a703b75af97bf09454ad143088ac,1NKPxd8AJKUfMGLdUciTxj5b916RrCkWYC,bitcoin
2019POLYMERBIT-10TH-ANNIVERSARY-AA014,76a914cc0c5e511d4cea667b2d95a856066fa4453dfa8c88ac,1KbufWPPTEXidN7YHzAjWJRxJajFT9TtSw,bitcoin
2019POLYMERBIT-10TH-ANNIVERSARY-AA015,76a9143ad1eb823af4c7d01a2b14b304aa153a2a9b33fd88ac,16N1fcz2oUsmuGZPz6TWeX6158NzApi8zj,bitcoin
2019POLYMERBIT-10TH-ANNIVERSARY-AA016,76a914f94d1cf688a000304301240548717dabded235d988ac,1PjBdgU3241oCMAspVj7LPK5HLKZV9EhCj,bitcoin
2019POLYMERBIT-10TH-ANNIVERSARY-AA017,76a91427dd0289c642e02816b13d5dd2fded9128b976cc88ac,14dn7X8WdjGmKtBAJB8Hakjnp4WygxQhE5,bitcoin
2019POLYMERBIT-10TH-ANNIVERSARY-AA018,76a91443b6a1e40abf29d5a45a73214a57153cd7eed1e088ac,17B34NeguXU9nsXhq5dzsrs9GoFxS8sU85,bitcoin
2019POLYMERBIT-10TH-ANNIVERSARY-AA019,76a91411a2d5ba547f1dbfaeddecd153a68ca76fab5b7d88ac,12cFZE95VHh4YyxAe4b9t1gquCYPPDqzVB,bitcoin
2019POLYMERBIT-10TH-ANNIVERSARY-AA020,76a914f66f029971f7cd4ad1fe4ef810d580d3be642c2588ac,1PU2DK3Bwf8VK27ea8GeJdVPfcCw2hdijH,bitcoin
2019POLYMERBIT-10TH-ANNIVERSARY-AA021,76a914307633768034046ae8df2fc14556eeacd95e8f2288ac,15RF2xdiYhqcksygZ8Us5aC6xpRL84CSVQ,bitcoin
2019CI-GEARING-SET-016,76a91456e9473299dd3e40c5553c95c94cb846e5b1f5b588ac,18vYZwpBQDVpk7mwR5ZVTndiezAP8U4cYw,bitcoin
2019CI-GEARING-SET-016,76a914c90ad34bc5cf585e796482362ed76e13e97fb71688ac,1KL1nies6LngyZUAv839pYTTBpW6baPHc5,bitcoin
2022CH-DUAL-BTC-LTC-0,76a9145b518656155d8152152ec193c04746cb8595ce0e88ac,19Kr9twiEVDYHUhk9jn12nDPLvBW4gs3on,bitcoin
2024ICARUS-GP-SKULL-EDITION-1,0014c10b022dc6ff42a8c2552e866ff24e850886a5fb,bc1qcy9sytwxlap23sj496rxlujws5ygdf0mgdd93k,bitcoin
2024ICARUS-GP-SKULL-EDITION-2,0014f48ad64f9170db5ab8224aabbd67b3759ece3c7c,bc1q7j9dvnu3wrd44wpzf24m6eanwk0vu0rueyx5pc,bitcoin
2024ICARUS-GP-SKULL-EDITION-3,0014dd346d41fa6db73fbac2686719ebc9575f0a1a09,bc1qm56x6s06dkmnlwkzdpn3n67f2a0s5xsfhxxa2g,bitcoin
2024ICARUS-GP-SKULL-EDITION-4,0014b857ccc1a71ebe7b6865e4bac1079a0095e754f7,bc1qhptuesd8r6l8k6r9ujavzpu6qz27w48h2xcagc,bitcoin
2024ICARUS-GP-SKULL-EDITION-5,0014753c9d8d04ece404ef4a9c53749321435ca813cb,bc1qw57fmrgyanjqfm62n3fhfyepgdw2sy7tjn5wdu,bitcoin
2024ICARUS-GP-SKULL-EDITION-6,0014f2563f07dcdb65f4e57a3810dbe7bb0d658d7718,bc1q7ftr7p7umdjlfet68qgdheamp4jc6accaqweaf,bitcoin
2024ICARUS-GP-SKULL-EDITION-7,0014fc0be460467477aa6653a8a1e0be31632ddc07c7,bc1qls97gczxw3m65ejn4zs7p033vvkacp78rswq4h,bitcoin
2024ICARUS-GP-SKULL-EDITION-8,0014ddc07a4eb4b218b3837e1795225ece6272876eb4,bc1qmhq85n45kgvt8qm7z72jyhkwvfegwm45rpg994,bitcoin
2024ICARUS-GP-SKULL-EDITION-9,001479171ada7e7b4ba534b4f87aa297e8448d16ac7f,bc1q0yt34kn70d962d95lpa299lggjx3dtrlqmkdkr,bitcoin
2024ICARUS-GP-SKULL-EDITION-10,0014f942dd3aad19555fb66b10eb56d426ab88ca2881,bc1ql9pd6w4dr924ldntzr44d4px4wyv52ypdnj7mx,bitcoin
2024ICARUS-GP-SKULL-EDITION-11,0014cf66dac44927b0a08ae68efa4ccf7c921d8527ea,bc1qeand43zfy7c2pzhx3mayenmujgwc2fl2krgl3f,bitcoin
2024ICARUS-GP-SKULL-EDITION-12,00149e8f953fa7ceb1ecdca3f8f75e04edbead258610,bc1qn68e20a8e6c7eh9rlrm4up8dh6kjtpss07kska,bitcoin
2024ICARUS-GP-SKULL-EDITION-13,00140bbefcb1ba774a7fbb698c9ca85f7533ddb26557,bc1qpwl0evd6wa98lwmf3jw2shm4x0wmye2hls8nfh,bitcoin
2024ICARUS-GP-SKULL-EDITION-14,0014767c656f25d30897ce47bfa67919fa158d0f1614,bc1qwe7x2me96vyf0nj8h7n8jx06zkxs79s5ya3cmp,bitcoin
2024ICARUS-GP-SKULL-EDITION-15,0014be7072d71f784a81d563b07aacccb7d9fe062210,bc1qhec894cl0p9gr4trkpa2en9hm8lqvgssa8vxf8,bitcoin
2024ICARUS-GP-SKULL-EDITION-16,001454f3215e49e0e2e180f847b69d5017d4422ec5b0,bc1q2nejzhjfur3wrq8cg7mf65qh63pza3dsxw7y9g,bitcoin
2024ICARUS-GP-SKULL-EDITION-17,0014e61358153f4e5626df3fe11b511dbd805d3df566,bc1qucf4s9flfetzdheluyd4z8daspwnmatx0sfqmf,bitcoin
2024ICARUS-GP-SKULL-EDITION-18,0014706837fceaa153f38cf314c1260b38e3aae5e6f2,bc1qwp5r0l8259fl8r8nznqjvzecuw4wtehjs359u8,bitcoin
2024ICARUS-GP-SKULL-EDITION-19,0014086e3aac50dcd48ad8b06d0f4117f4dc6429a39c,bc1qpphr4tzsmn2g4k9sd585z9l5m3jznguuwmge2y,bitcoin
2024ICARUS-GP-SKULL-EDITION-20,001429d6a35519a7f50a0cc57e8e22aab5f95a3c877c,bc1q98t2x4ge5l6s5rx9068z9244l9drepmukg9at6,bitcoin
2024ICARUS-GP-SKULL-EDITION-21,0014aa740fa02c195db2a6b2e777440d525eb177ff70,bc1q4f6qlgpvr9wm9f4juam5gr2jt6ch0lmsn0eqv5,bitcoin
2023ICARUS-TIMELINE-10-2023-1,0014b276da723dfe3d853fdb4ca5b341f425c76e3e6b,bc1qkfmd5u3alc7c207mfjjmxs05yhrku0nt785r6r,bitcoin
2023ICARUS-TIMELINE-10-2023-2,0014e644d75cae079be460ce0219d4b51df90802451f,bc1quezdwh9wq7d7gcxwqgvafdgalyyqy3glj6rc0c,bitcoin
2023ICARUS-TIMELINE-10-2023-3,00146756b93fa2056657c80b8f89751f949d3a032b07,bc1qvattj0azq4n90jqt37yh28u5n5aqx2c8kt7c60,bitcoin
2023ICARUS-TIMELINE-10-2023-4,001407890f364d9c2415af9198ddd98e5c1ef1389efa,bc1qq7ys7djdnsjpttu3nrwanrjurmcn38h6d6lyl9,bitcoin
2023ICARUS-TIMELINE-10-2023-5,001435ba7a6cabe8695cc20ceb94ce79fb466786483f,bc1qxka85m9tap54essvaw2vu70mgencvjplh90rkq,bitcoin
2023ICARUS-TIMELINE-10-2023-6,0014cd150d57a79b811a8e31457bdcda43f5c28a8eff,bc1qe52s64a8nwq34r33g4aaekjr7hpg4rhljvwqes,bitcoin
2023ICARUS-TIMELINE-10-2023-7,0014623fec72cf657b20c31c48668be6aa5721833c20,bc1qvgl7cuk0v4ajpscufpnghe422uscx0pq6hkxfp,bitcoin
2023ICARUS-TIMELINE-10-2023-8,00143ac4090ddcd29453354d5c3df05183f9e889c27a,bc1q8tzqjrwu6229xd2dts7lq5vrl85gnsn604pram,bitcoin
2023ICARUS-TIMELINE-10-2023-9,0014f0302f958ec8a6f9e8a1f3dd59aacaa66a0003e3,bc1q7qczl9vwezn0n69p70w4n2k25e4qqqlrm5etp9,bitcoin
2023ICARUS-TIMELINE-10-2023-10,0014e8fb737f5e4baab9b02b88b1c7a5fa65e819b1ac,bc1qarahxl67fw4tnvpt3zcu0f06vh5pnvdvnaqwk2,bitcoin
2023ICARUS-TIMELINE-10-2023-11,0014fae2b30410c5d0683c054d678c7176157a107d2a,bc1qlt3txpqschgxs0q9f4nccutkz4apqlf2x7j9zg,bitcoin
2023ICARUS-TIMELINE-10-2023-12,0014cdbe82508f803cfb3df01fa8147bfc933f06a408,bc1qeklgy5y0sq70k00sr75pg7lujvlsdfqg28laez,bitcoin
2023ICARUS-TIMELINE-10-2023-13,001425576554d631fca8143c7aafdd3c2fd2735a1830,bc1qy4tk24xkx872s9pu02ha60p06fe45xpshjsxf9,bitcoin
2023ICARUS-TIMELINE-10-2023-14,00140c01d7a1b1f5c6f720f9d03369c23c6a324525a9,bc1qpsqa0gd37hr0wg8e6qekns3udgey2fdfuwrdm5,bitcoin
2023ICARUS-TIMELINE-10-2023-15,00149d5581a5c4f8a2871b608d35d6731eb993d322ed,bc1qn42crfwylz3gwxmq356avuc7hxfaxghd2knhnm,bitcoin
2023ICARUS-TIMELINE-10-2023-16,0014541c6faaddaa80eb8e02769dfe39e5d415517b55,bc1q2swxl2ka42qwhrszw6wluw096s24z7640dfvvw,bitcoin
2023ICARUS-TIMELINE-10-2023-17,001415f7ad53ea3837dbf4628bd92775abb67b24aa3e,bc1qzhm665l28qmaharz30vjwadtkeajf237aywty4,bitcoin
2023ICARUS-TIMELINE-10-2023-18,0014c0bb7f11714e7a960eac0dd5a99b391bc2f16e8b,bc1qczah7yt3feafvr4vph26nxeer0p0zm5tua8mys,bitcoin
2023ICARUS-TIMELINE-10-2023-19,001423e805aa0861055ecb6abd0f62114fc656327c30,bc1qy05qt2sgvyz4ajm2h58kyy20cetrylps03729n,bitcoin
2023ICARUS-TIMELINE-10-2023-20,00142f10f1b2c8e3ad2ab1d51002f476f4b802fe14fc,bc1q9ug0rvkguwkj4vw4zqp0gah5hqp0u98u4u6409,bitcoin
2023ICARUS-TIMELINE-10-2023-21,0014f3a7b10eff9e7a243b397b8cc90da7b2489c4637,bc1q7wnmzrhlneazgwee0wxvjrd8kfyfc33hxzsglz,bitcoin
2023ICARUS-TIMELINE-10-2023-22,0014bc4e3d35ba1287e49aa4f317330a8592bbabb54f,bc1qh38r6dd6z2r7fx4y7vtnxz59j2a6hd203ja5nh,bitcoin
2023ICARUS-TIMELINE-10-2023-23,0014df1884203c0d5a484329edddb4309dfc4e6f6538,bc1qmuvgggpup4dyssefahwmgvyal38x7efcp3rnjy,bitcoin
2023ICARUS-TIMELINE-10-2023-24,00143204762a4bd216407762cc81fe3b3851f978ea6d,bc1qxgz8v2jt6gtyqamzejqluwec28uh36ndxw4ng5,bitcoin
2023ICARUS-TIMELINE-10-2023-25,0014f230d0f2ebcea93114c5ee81caf972a1ff1f3520,bc1q7gcdpuhte65nz9x9a6qu47tj58l37dfqwpupsh,bitcoin
2023ICARUS-TIMELINE-10-2023-26,00144f80358b0206869d8c5d0d6ca834309403abe817,bc1qf7qrtzczq6rfmrzap4k2sdpsjsp6h6qhzn4752,bitcoin
2023ICARUS-TIMELINE-10-2023-27,001463cc8028fe9d5f3742fd3d2f56eb058090e59c8f,bc1qv0xgq287n40nwsha85h4d6c9szgwt8y0lfh5ee,bitcoin
2023ICARUS-TIMELINE-10-2023-28,0014fd03360ec9fc9339cd8ef7b14976a8b928400c96,bc1ql5pnvrkfljfnnnvw77c5ja4ghy5yqryk83zc54,bitcoin
2023ICARUS-TIMELINE-10-2023-29,00145eaace7702a48a84763d90f0ea1e6d893dc2b8a1,bc1qt64vuacz5j9gga3ajrcw58nd3y7u9w9p74mnrl,bitcoin
2023ICARUS-TIMELINE-10-2023-30,001451dc3cdd140d5a4351897b3f15fa69305d45577f,bc1q28wrehg5p4dyx5vf0vl3t7nfxpw524ml7wfhk6,bitcoin
2023ICARUS-TIMELINE-10-2023-31,0014f16280bec4ea0e7fc0709977913865953a0ab41c,bc1q793gp0kyag88lsrsn9mezwr9j5aq4dqu3a09st,bitcoin
2023ICARUS-TIMELINE-10-2023-32,0014568f1f343c7d21f352a796a128abac97be8d0657,bc1q26837dpu05slx548j6sj32avj7lg6pjh8m5wnz,bitcoin
2023ICARUS-TIMELINE-10-2023-33,0014b43f508b09ab22d16b327fedef56fc11ad5255cc,bc1qksl4pzcf4v3dz6ej0lk774huzxk4y4wvjy5vu0,bitcoin
2023ICARUS-TIMELINE-10-2023-34,0014dd735ec45df5b251a8e7ce668d891c507b122c9b,bc1qm4e4a3za7ke9r288eengmzgu2pa3ytymzgqtud,bitcoin
2023ICARUS-TIMELINE-10-2023-35,0014555bed553f9e3b1869a7a1d616505e3a7c50b18e,bc1q24d764flnca3s6d858tpv5z78f79pvvwz3r4xg,bitcoin
2023ICARUS-TIMELINE-10-2023-36,00145f85678dc7a82d9b144ddd8a5e72655f7ada8569,bc1qt7zk0rw84qkek9zdmk99uun9taad4ptf5mj326,bitcoin
2023ICARUS-TIMELINE-10-2023-37,0014fed76f5b7fe5723e1324943078674460c9ca06d0,bc1qlmtk7kmlu4eruyeyjsc8se6yvryu5pksnmmknp,bitcoin
2023ICARUS-TIMELINE-10-2023-38,00146e67748f40b59ac2b044075d4d5bb03f21eb5cdf,bc1qdenhfr6qkkdv9vzyqaw56kas8us7khxlas38wt,bitcoin
2023ICARUS-TIMELINE-10-2023-39,00142e2f841288baaa5590510f987936bfe3c1955f4a,bc1q9chcgy5gh249tyz3p7v8jd4lu0qe2h62jp2a4c,bitcoin
2023ICARUS-TIMELINE-10-2023-40,0014b07094f48ae8e72b892fec9afd95e9040e49f03c,bc1qkpcffay2arnjhzf0ajd0m90fqs8ynupu8pww2g,bitcoin
2023ICARUS-TIMELINE-10-2023-41,0014f55dbfc545511a2b303e92d12dc553406dabb7a7,bc1q74wml3292ydzkvp7jtgjm32ngpk6hda82f08uh,bitcoin
2023ICARUS-TIMELINE-10-2023-42,0014848744ae86e144357bf6b2195c7a59f40fa0b7e6,bc1qsjr5ft5xu9zr27lkkgv4c7je7s86pdlxvfgw8p,bitcoin
2023ICARUS-TIMELINE-11-2023-1,001484fc27b77b71a95944d9cb41037cd83022fbb5c2,bc1qsn7z0dmmwx54j3xeedqsxlxcxq30hdwzjlhyls,bitcoin
2023ICARUS-TIMELINE-11-2023-2,00149a103d4ea56c876eb9cb374297e0ea945459c342,bc1qnggr6n49djrkawwtxapf0c82j329ns6z5juwwt,bitcoin
2023ICARUS-TIMELINE-11-2023-3,00146b728a87892cbbf2aa2eaea85983af59a14f5ab7,bc1qddeg4puf9jal923w4659nqa0txs57k4hzq59z7,bitcoin
2023ICARUS-TIMELINE-11-2023-4,00145e7c0e85cd9ecd88478cc225ee2173f90b08a117,bc1qte7qapwdnmxcs3uvcgj7ugtnly9s3gghdra8ap,bitcoin
2023ICARUS-TIMELINE-11-2023-5,0014ff5645da95fdef8e0a6b7c83437c38d1c22e616a,bc1qlatytk54lhhcuznt0jp5xlpc68pzuct2p2rqw9,bitcoin
2023ICARUS-TIMELINE-11-2023-6,001433b118788742f61daf72918a92c2081733bc2242,bc1qxwc3s7y8gtmpmtmjjx9f9ssgzuemcgjzxq76lj,bitcoin
2023ICARUS-TIMELINE-11-2023-7,0014462518eacdde602690114feb0056e34a12bda7fc,bc1qgcj336kdmeszdyq3fl4sq4hrfgftmflu5qx5q5,bitcoin
2023ICARUS-TIMELINE-11-2023-8,001486e44e867e66c135058c2d4c45c0db952e2f619f,bc1qsmjyapn7vmqn2pvv94xytsxmj5hz7cvl5wtgel,bitcoin
2023ICARUS-TIMELINE-11-2023-9,00145994c283b9daa1633c0cae1c602d42c6f61a65ca,bc1qtx2v9qaem2skx0qv4cwxqt2zcmmp5ew2gz40rq,bitcoin
2023ICARUS-TIMELINE-11-2023-10,0014360c99337e6458555c7e8c98e9a829c86d1dcaf3,bc1qxcxfjvm7v3v92hr73jvwn2pfepk3mjhnna96zs,bitcoin
2023ICARUS-TIMELINE-11-2023-11,00146e52dd464d475e71d9553cc63fd4f489de33050a,bc1qdefd63jdga08rk248nrrl485380rxpg23uezyh,bitcoin
2023ICARUS-TIMELINE-11-2023-12,001483e10fe8f62ee8a0326113fa96d132fad4b6920d,bc1qs0ssl68k9m52qvnpz0afd5fjlt2tdysdnm8ca3,bitcoin
2023ICARUS-TIMELINE-11-2023-13,001485588489b86e1547ba65b61cb6c3bdbad26c9d34,bc1qs4vgfzdcdc250wn9kcwtdsaahtfxe8f55qv93z,bitcoin
2023ICARUS-TIMELINE-11-2023-14,001448338333b81ea1a9791fb02d0f5510d373e3a6c5,bc1qfqecxvacr6s6j7glkqks74gs6de78fk93zqf7e,bitcoin
2023ICARUS-TIMELINE-11-2023-15,0014ef9bb35d6b7e3067c16effd0646883879d009549,bc1qa7dmxhtt0ccx0stwllgxg6yrs7wsp92fg76smm,bitcoin
2023ICARUS-TIMELINE-11-2023-16,00148cfd7d4f50162772331e7060d542f6eb01a155dc,bc1q3n7h6n6szcnhyvc7wpsd2shkavq6z4wuzw7rk5,bitcoin
2023ICARUS-TIMELINE-11-2023-17,0014b455c94e9f84fd22d2931a387da9a28645b22b35,bc1qk32ujn5lsn7j955nrgu8m2dzsezmy2e4umyn3d,bitcoin
2023ICARUS-TIMELINE-11-2023-18,0014b4917317cd6feb4635a86887c75c5986580d5597,bc1qkjghx97ddl45vddgdzruwhzesevq64vhda6lnw,bitcoin
2023ICARUS-TIMELINE-11-2023-19,001401afa7133c095b759e14e675d4976fd7940d21b5,bc1qqxh6wyeup9dht8s5ue6af9m0672q6gd4qr0lk8,bitcoin
2023ICARUS-TIMELINE-11-2023-20,001403ec618065fe2bd740b834874fae1e3d43b0d7ad,bc1qq0kxrqr9lc4aws9cxjr5lts784pmp4adgfx48u,bitcoin
2023ICARUS-TIMELINE-11-2023-21,00141a69d3a38ee73337062128ccbe46ab7f4b889c41,bc1qrf5a8guwuuenwp3p9rxtu34t0a9c38zp867w3d,bitcoin
2023ICARUS-TIMELINE-11-2023-22,001401eb3efd2f00fc002e06b0ff2232b54f0f70d1d6,bc1qq84nalf0qr7qqtsxkrljyv44fu8hp5wkl4kp4u,bitcoin
2023ICARUS-TIMELINE-11-2023-23,001403ffab98ae5c9a2afce671adb2feda45312166af,bc1qq0l6hx9wtjdz4l8xwxkm9lk6g5cjze40kp8hd4,bitcoin
2023ICARUS-TIMELINE-11-2023-24,0014d1ad4397b62d4b22e8b7c50140a8916627903369,bc1q6xk589ak949j969hc5q5p2y3vcneqvmfdyjfuj,bitcoin
2023ICARUS-TIMELINE-11-2023-25,0014e418843001095c27de57b6448675b616c0cc5c31,bc1qusvggvqpp9wz0hjhkezgvadkzmqvchp339wraz,bitcoin
2023ICARUS-TIMELINE-11-2023-26,001487f5a89b571ef059a7313fa3ee2acfdf608c3732,bc1qsl663x6hrmc9nfe38737u2k0masgcdejf943h4,bitcoin
2023ICARUS-TIMELINE-11-2023-27,0014ce65c73bab81a5245b287b9b8bdddb458bffca4a,bc1qeejuwwatsxjjgkeg0wdchhwmgk9lljj2ejgtrv,bitcoin
2023ICARUS-TIMELINE-11-2023-28,00146ad4f274638b657bed8d050fa7fbd32502246bc3,bc1qdt20yarr3djhhmvdq586077ny5pzg67rdvmgy7,bitcoin
2023ICARUS-TIMELINE-11-2023-29,0014dc4cde0e84342648e7ee333bed927e475d477d62,bc1qm3xdur5yxsny3elwxva7myn7gaw5wltz22c28n,bitcoin
2023ICARUS-TIMELINE-11-2023-30,00144404e4c9cc6539a84ef7757fba8dbdea2584a103,bc1qgszwfjwvv5u6snhhw4lm4rdaagjcfggrphw2kn,bitcoin
2023ICARUS-TIMELINE-11-2023-31,00140105dc05d74800addf714c8137417dd93cd8544a,bc1qqyzacpwhfqq2mhm3fjqnwstamy7ds4z2w2wcyn,bitcoin
2023ICARUS-TIMELINE-11-2023-32,0014673b4f19681594a1b0753bd979a8c8d8f2827f31,bc1qvua57xtgzk22rvr480vhn2xgmregyle349srxg,bitcoin
2023ICARUS-TIMELINE-11-2023-33,00146aaeaff5607ce1a17e5d2b073d1b36ba95e7a2c1,bc1qd2h2latq0ns6zlja9vrn6xekh2270gkp80hlcz,bitcoin
2023ICARUS-TIMELINE-11-2023-34,00144233ed207781b79017fd73507553716c4d9d81c9,bc1qgge76grhsxmeq9lawdg825m3d3xemqwftt30fl,bitcoin
2023ICARUS-TIMELINE-11-2023-35,00145a95bf3e3dbb0151116ab9a515630ccf2bca11e6,bc1qt22m703ahvq4zyt2hxj32ccveu4u5y0xpz4sr8,bitcoin
2023ICARUS-TIMELINE-11-2023-36,0014b7c79a3219553035d0744002980e36812b1bdd9d,bc1qklre5vse25crt5r5gqpfsr3ksy43hhvay2xtmh,bitcoin
2023ICARUS-TIMELINE-11-2023-37,001481d51f3c5c2eb16e8960f0824a16a9a0cefca542,bc1qs82370zu96ckaztq7zpy594f5r80ef2z8yserq,bitcoin
2023ICARUS-TIMELINE-11-2023-38,001463c3e97bf25990c92fe1979014385c9573970f83,bc1qv0p7j7ljtxgvjtlpj7gpgwzuj4eewrur8cxxuw,bitcoin
2023ICARUS-TIMELINE-11-2023-39,001431b416331e5dc8cd8a81a5ca776b932ebd3345c5,bc1qxx6pvvc7thyvmz5p5h98w6un967nx3w98938tz,bitcoin
2023ICARUS-TIMELINE-11-2023-40,0014134982265b7d8f3fa9b2726a5c60162b67dc3b29,bc1qzdycyfjm0k8nl2djwf49ccqk9dnacwefyg9l4v,bitcoin
2023ICARUS-TIMELINE-11-2023-41,00149c19202519724b5fc020d905e3ebd31559a9443c,bc1qnsvjqfgewf94lspqmyz7867nz4v6j3puqx68f0,bitcoin
2023ICARUS-TIMELINE-11-2023-42,001425db8c2b4f94d22bbacc3417d0dae04a8ae201cd,bc1qyhdcc260jnfzhwkvxstapkhqf29wyqwdd3psv6,bitcoin
2023ICARUS-HAT-ALCOHODL-1,001481469833750ea303ae9aa1d873eb039e6c33b13d,bc1qs9rfsvm4p63s8t5658v886crnekr8vfa25ee6l,bitcoin
2023ICARUS-HAT-ALCOHODL-2,0014a19463ebd77988762fd780da3aa249b70bf6c183,bc1q5x2x867h0xy8vt7hsrdr4gjfku9ldsvrp3un9s,bitcoin
2023ICARUS-HAT-ALCOHODL-3,0014598d912ddda8aac670cbb3ecbeaf7982a85cea24,bc1qtxxeztwa4z4vvuxtk0ktatmes259e63ykadt6u,bitcoin
2023ICARUS-HAT-ALCOHODL-4,0014993d56ea12535c2cca83a2ba6c01d108808de78b,bc1qny74d6sj2dwzej5r52axcqw3pzqgmeut7r657c,bitcoin
2023ICARUS-HAT-ALCOHODL-5,0014e1b93e1b95d869afb7b52312acb97aac472efe6c,bc1quxunuxu4mp56lda4yvf2ewt643rjalnvp7k8nl,bitcoin
2023ICARUS-HAT-ALCOHODL-6,00147987a0389c19981edef4511f9ae2a57280057524,bc1q0xr6qwyurxvpahh52y0e4c49w2qq2afyqx4fpy,bitcoin
2023ICARUS-HAT-ALCOHODL-7,00149d8ef79fb02f074f6a7a9c58c13b4385342202e4,bc1qnk8008as9ur576n6n3vvzw6rs56zyqhy8ndecf,bitcoin
2023ICARUS-HAT-ALCOHODL-8,0014019da649f8f58c583076333d0626f7d5d7047eca,bc1qqxw6vj0c7kx9svrkxv7svfhh6htsglk283ggnt,bitcoin
2023ICARUS-HAT-ALCOHODL-9,0014fcb556db0a68c7d94f31b37fd8667dd5722fe292,bc1qlj64dkc2drrajne3kdlasena64ezlc5jdsau82,bitcoin
2023ICARUS-HAT-ALCOHODL-10,00144018b25ff5742a88f8a9e0bf69a177e5450ad6bd,bc1qgqvtyhl4ws4g379fuzlkngthu4zs444arqakjq,bitcoin
2023ICARUS-HAT-ALCOHODL-11,00141026b7d6f30f25ed216df08dc41f34212c9cf233,bc1qzqnt04hnpuj76gtd7zxug8e5yykfeu3n2npmz3,bitcoin
2023ICARUS-HAT-ALCOHODL-12,0014049a537e40cf4a3bd72fde7614d70b005ae8c363,bc1qqjd9xljqea9rh4e0mempf4ctqpdw3smrz0s847,bitcoin
2023ICARUS-HAT-ALCOHODL-13,00145a43604e4164e904d22c15f777a7be9b74a95714,bc1qtfpkqnjpvn5sf53vzhmh0fa7nd62j4c56skwus,bitcoin
2023ICARUS-HAT-ALCOHODL-14,0014ef20b052f6b675f5c9df5a482438a9d39f4a37b6,bc1qaustq5hkke6ltjwltfyzgw9f6w055dakvv462k,bitcoin
2023ICARUS-HAT-ALCOHODL-15,0014a1d29178607ef952a78c7c28c4886b4f9c181cf1,bc1q58ffz7rq0mu49fuv0s5vfzrtf7wps883gykz5w,bitcoin
2023ICARUS-HAT-ALCOHODL-16,0014fef2fb47e5c198fb217e3e848a3587f404d8d25d,bc1qlme0k3l9cxv0kgt786zg5dv87szd35ja740mkl,bitcoin
2023ICARUS-HAT-ALCOHODL-17,0014e5e577ed353c2ca93688d3367f5179063ee58f1f,bc1quhjh0mf48sk2jd5g6vm875teqclwtrcl5w22st,bitcoin
2023ICARUS-HAT-ALCOHODL-18,0014b9169a1a113fa80ab84746c02dfa275a33c89765,bc1qhytf5xs3875q4wz8gmqzm738tgeu39m9fe3dcs,bitcoin
2023ICARUS-HAT-ALCOHODL-19,001447aab45d3324c76d77896b964d6224c357a4dc1e,bc1qg74tghfnynrk6aufdwty6c3ycdt6fhq7x5zsgl,bitcoin
2023ICARUS-HAT-ALCOHODL-20,00143d71b7c8379c15652ff60197afa4542e3a785376,bc1q84cm0jphns2k2tlkqxt6lfz59ca8s5mkysr75e,bitcoin
2023ICARUS-HAT-ALCOHODL-21,0014183ac491a35c993c4259d5e5ae19652cb2ba0443,bc1qrqavfydrtjvncsje6hj6uxt99jet5pzr5dtrh6,bitcoin
2023ICARUS-HAT-ELDUDERINO_-1,00143e87964133250d77ab946459c77514fdcb2b0062,bc1q86revsfny5xh02u5v3vuwag5lh9jkqrzs9d434,bitcoin
2023ICARUS-HAT-ELDUDERINO_-2,00141270626251a0dccbf005957c9972861d999f6e97,bc1qzfcxycj35rwvhuq9j47fju5xrkve7m5hh0l7zw,bitcoin
2023ICARUS-HAT-ELDUDERINO_-3,00141c3f9b8738ddad5beb9a1e587e9cacce5fa366bc,bc1qrslehpecmkk4h6u6rev8a89vee06xe4urrqpzc,bitcoin
2023ICARUS-HAT-ELDUDERINO_-4,001480738f3b7ca1dee7c34108a54e2fa33773c37980,bc1qspec7wmu580w0s6ppzj5utarxaeux7vqwqkv66,bitcoin
2023ICARUS-HAT-ELDUDERINO_-5,00141da6ae181e2c329b08bcd16cd393e3bf11679618,bc1qrkn2uxq79sefkz9u69kd8ylrhugk09scm3agtf,bitcoin
2023ICARUS-HAT-ELDUDERINO_-6,0014eca41469178ca8e08c429823974945b8f7dbe859,bc1qajjpg6gh3j5wprzznq3ewj29hrmah6zec92qj8,bitcoin
2023ICARUS-HAT-ELDUDERINO_-7,0014ca859606523212d61b4b7c6ee38c825d787a98d4,bc1qe2zevpjjxgfdvx6t03hw8ryzt4u84xx5flgc3k,bitcoin
2023ICARUS-HAT-ELDUDERINO_-8,0014d33863b105522aec33e2b64eebe80ca801b9b493,bc1q6vux8vg92g4wcvlzke8wh6qv4qqmndynu9hcfh,bitcoin
2023ICARUS-HAT-ELDUDERINO_-9,001438923865d8183e29b6da43c99bd25a5a5c4a57b0,bc1q8zfrsewcrqlzndk6g0yeh5j6tfwy54assyv4dq,bitcoin
2023ICARUS-HAT-ELDUDERINO_-10,0014958c44029e2df8f32c490fd8df696e242081e365,bc1qjkxygq579hu0xtzfplvd76twyssgrcm9lyx3hw,bitcoin
2023ICARUS-HAT-ELDUDERINO_-11,0014d6ebe36866df0c66d114b8cb3b5bd857764f04ed,bc1q6m47x6rxmuxxd5g5hr9nkk7c2amy7p8dypyzh7,bitcoin
2023ICARUS-HAT-ELDUDERINO_-12,00148949ec5b174f2f5bbbd9b6b7b19a941a949a1041,bc1q39y7ckchfuh4hw7ek6mmrx55r22f5yzpfuc6lp,bitcoin
2023ICARUS-HAT-ELDUDERINO_-13,0014a396859ee6b3a595def6f9bc768d9ecd4494be0a,bc1q5wtgt8hxkwjethhklx78drv7e4zff0s2nxzc47,bitcoin
2023ICARUS-HAT-ELDUDERINO_-14,001410a5684e0fa49f2187c2eebdbc02a19a406bb98a,bc1qzzjksns05j0jrp7za67mcq4pnfqxhwv2xxnqjd,bitcoin
2023ICARUS-HAT-ELDUDERINO_-15,00144521c639c0db474ec9592374346c5b7e320cff49,bc1qg5suvwwqmdr5aj2eyd6rgmzm0ceqel6fw4t43m,bitcoin
2023ICARUS-HAT-ELDUDERINO_-16,0014ff059761a420a56d7c2ee9c1a0693353ca2574a2,bc1qluzewcdyyzjk6lpwa8q6q6fn209z2a9z7rxl2w,bitcoin
2023ICARUS-HAT-ELDUDERINO_-17,00146c01f745f050439a6a028698fc52764b1db1652c,bc1qdsqlw30s2ppe56szs6v0c5nkfvwmzefvm4cc90,bitcoin
2023ICARUS-HAT-ELDUDERINO_-18,0014254f351a7884c3694d927c61b59e69bbd2dc4be2,bc1qy48n2xncsnpkjnvj03smt8nfh0fdcjlzvylhtw,bitcoin
2023ICARUS-HAT-ELDUDERINO_-19,0014371e4b0f2de8c4da058ddb88f0c203367a761f2c,bc1qxu0ykredarzd5pvdmwy0pssrxea8v8evcc54nh,bitcoin
2023ICARUS-HAT-ELDUDERINO_-20,0014934a293a27f9526ad7c73717774be981909eb13b,bc1qjd9zjw38l9fx4478xuthwjlfsxgfavfm3cjz95,bitcoin
2023ICARUS-HAT-ELDUDERINO_-21,0014169dfafdb961192b7b8ff7ad5d97379303434daf,bc1qz6wl4ldevyvjk7u077k4m9ehjvp5xnd0qpm2g0,bitcoin
2023ICARUS-HAT-FILIPPONE-1,001439c52225d464be2eee897e7bbd332a1202ad598a,bc1q88zjyfw5vjlzam5f0eam6ve2zgp26kv206hwc2,bitcoin
2023ICARUS-HAT-FILIPPONE-2,0014a1d1891a26b5fe05c7b995e77e6cc57f29a4226c,bc1q58gcjx3xkhlqt3aejhnhumx90u56ggnvc38u4r,bitcoin
2023ICARUS-HAT-FILIPPONE-3,0014e9ef75ac6b0ea2f7537e407fa188df01de25ee63,bc1qa8hhttrtp630w5m7gpl6rzxlq80ztmnrjf7aeq,bitcoin
2023ICARUS-HAT-FILIPPONE-4,0014db3f1b7def1823807623c84df00566c68cddddd3,bc1qmvl3kl00rq3cqa3repxlqptxc6xdmhwnawxaw2,bitcoin
2023ICARUS-HAT-FILIPPONE-5,00143383ae3d2d63dc9ee02cb1150e0bce6a670d997a,bc1qxwp6u0fdv0wfacpvky2suz7wdfnsmxt6qg04ac,bitcoin
2023ICARUS-HAT-FILIPPONE-6,0014e30834b878e27d2991c2f1d3ffc4c7cbd5a86741,bc1quvyrfwrcuf7jnywz78fll3x8e026se6pctgc8k,bitcoin
2023ICARUS-HAT-FILIPPONE-7,0014b45a7a59b585a5341e08d330bffe72416d357a78,bc1qk3d85kd4skjng8sg6vctllnjg9kn27ncgph9as,bitcoin
2023ICARUS-HAT-FILIPPONE-8,00145be75abe1d30c1b78c2486b4bfa5294fee24be2a,bc1qt0n440saxrqm0rpys66tlfffflhzf032zz65ww,bitcoin
2023ICARUS-HAT-FILIPPONE-9,0014559a3481c00e8bb065cc52f97a2cd2c771423bce,bc1q2kdrfqwqp69mqewv2tuh5txjcac5yw7watyvht,bitcoin
2023ICARUS-HAT-FILIPPONE-10,001452527e04c86e89c9bbf3b92a3e3a25506ede0d2a,bc1q2ff8upxgd6yunwlnhy4ruw392phdurf2zefh3a,bitcoin
2023ICARUS-HAT-FILIPPONE-11,00144179a501f73f2dfc936ebcff0ac747f2eaf55fb6,bc1qg9u62q0h8ukleymwhnls43687t402hakvwuvw2,bitcoin
2023ICARUS-HAT-FILIPPONE-12,0014005f5456f46ae965c3bdaea3eb997a369c0ce7f3,bc1qqp04g4h5dt5ktsaa4637hxt6x6wqeelnj3ud0y,bitcoin
2023ICARUS-HAT-FILIPPONE-13,0014f5ed97b2f0f11d53129a20c18ff80baeb00bbc2f,bc1q7hke0vhs7yw4xy56yrqcl7qt46cqh0p0mtlwnq,bitcoin
2023ICARUS-HAT-FILIPPONE-14,0014df88446d667f2c50635e6044711e2ca3a30f71bb,bc1qm7yygmtx0uk9qc67vpz8z83v5w3s7udmca5tj6,bitcoin
2023ICARUS-HAT-FILIPPONE-15,0014ac256ca9494306ca967d8180b2298df5fea9c7a9,bc1q4sjke22fgvrv49nasxqty2vd7hl2n3af4nazvg,bitcoin
2023ICARUS-HAT-FILIPPONE-16,0014f267d8e846b856590955283c9a07ab16deb22c68,bc1q7fna36zxhpt9jz249q7f5patzm0tytrg8635jm,bitcoin
2023ICARUS-HAT-FILIPPONE-17,0014af1cc792bf95e155dd478718736b807af4d16a6d,bc1q4uwv0y4ljhs4th28suv8x6uq0t6dz6nd9t57v4,bitcoin
2023ICARUS-HAT-FILIPPONE-18,0014a66992a8608b8a0bf4b2a171bf190ac50c2825df,bc1q5e5e92rq3w9qha9j59cm7xg2c5xzsfwlgumfsr,bitcoin
2023ICARUS-HAT-FILIPPONE-19,00149ae58b11a46504f7c4c61eb99595670fbdeaaa9f,bc1qntjckydyv5z003xxr6uet9t8p777425ltznygg,bitcoin
2023ICARUS-HAT-FILIPPONE-20,0014bacbff09e2c01991cc86b8e5b7318ce607b3ce72,bc1qht9l7z0zcqvernyxhrjmwvvvucrm8nnjgwjpnn,bitcoin
2023ICARUS-HAT-FILIPPONE-21,0014cd5dd0cb382411a52f3676a5fa85e8aa7be918e1,bc1qe4wapjecysg62tekw6jl4p0g4fa7jx8peg2k3h,bitcoin
2023ICARUS-HAT-MIKEYWITH-1,001414f1e241296057b39efe864170cb6d495f31896d,bc1qznc7ysffvptm88h7seqhpjmdf90nrztdy4lvzf,bitcoin
2023ICARUS-HAT-MIKEYWITH-2,00140abdd43eb40ed4a7733d08e7f769b9a19db83fc9,bc1qp27ag045pm22wueaprnlw6de5xwms07f6fzulm,bitcoin
2023ICARUS-HAT-MIKEYWITH-3,0014745ab1b2b78b56696b0d955b8bdd64e571775ef7,bc1qw3dtrv4h3dtxj6cdj4dchhtyu4chwhhhv4rf90,bitcoin
2023ICARUS-HAT-MIKEYWITH-4,00142c20c940e8b2db330e4b1b0c5b1dfb1c7c15702c,bc1q9ssvjs8gktdnxrjtrvx9k80mr37p2upvh4ukak,bitcoin
2023ICARUS-HAT-MIKEYWITH-5,001413b1ed19b0ef3faed1a9da77ea7eb258775fff8b,bc1qzwc76xdsaul6a5dfmfm75l4jtpm4lluteurttn,bitcoin
2023ICARUS-HAT-MIKEYWITH-6,0014f42308b12ebe66b0c000012dfd49c47387ccd050,bc1q7s3s3vfwhentpsqqqykl6jwywwrue5zsvdl928,bitcoin
2023ICARUS-HAT-MIKEYWITH-7,0014958e61f7975f3b58269cf75c703685c72b4f285e,bc1qjk8xrauhtua4sf5u7aw8qd59cu4572z7tvwdu0,bitcoin
2023ICARUS-HAT-MIKEYWITH-8,001461a87d314340ea620b08bcbdea00ec6f84d2b511,bc1qvx586v2rgr4xyzcghj775q8vd7zd9dg3jag652,bitcoin
2023ICARUS-HAT-MIKEYWITH-9,00144aefd05f0ab35fffb092089ed9e298e153738668,bc1qfthaqhc2kd0llvyjpz0dnc5cu9fh8pngkeqgm7,bitcoin
2023ICARUS-HAT-MIKEYWITH-10,0014943f1ca273264687f812e8333448b003032ffcce,bc1qjsl3egnnyerg07qjaqengj9sqvpjllxwrne5jl,bitcoin
2023ICARUS-HAT-MIKEYWITH-11,00146c11321a9e663036361a1eee6612a1683f0e62cb,bc1qdsgnyx57vccrvds6rmhxvy4pdqlsucktda75ce,bitcoin
2023ICARUS-HAT-MIKEYWITH-12,001494f04b499d95f4b1ff6829e3ace6dd7ce516c954,bc1qjncykjvajh6trlmg9836eeka0nj3dj255v00zs,bitcoin
2023ICARUS-HAT-MIKEYWITH-13,0014ce8862cff519c25b57ef4cecd2c3df7ec5a8cac4,bc1qe6yx9nl4r8p9k4l0fnkd9s7l0mz63jky3k0xj0,bitcoin
2023ICARUS-HAT-MIKEYWITH-14,00148512a3ee1737a997ee501aa543b949d41b0bc413,bc1qs5f28mshx75e0mjsr2j58w2f6sdsh3qnvwu5pv,bitcoin
2023ICARUS-HAT-MIKEYWITH-15,00146d976aeebcfac9d8c59c996c381f37094eef827d,bc1qdktk4m4ultya33vun9krs8ehp98wlqna6kea22,bitcoin
2023ICARUS-HAT-MIKEYWITH-16,0014b48716ee73fe708e64c074b5ba642834598efcec,bc1qkjr3dmnnlecguexqwj6m5epgx3vcal8vlll2qm,bitcoin
2023ICARUS-HAT-MIKEYWITH-17,0014058808b8f33e58831e685a27684ac25b9629a6c9,bc1qqkyq3w8n8evgx8ngtgnksjkztwtznfkfhpkp9p,bitcoin
2023ICARUS-HAT-MIKEYWITH-18,0014a6beb9fbe425f5e8431881f6e9aa0f6784729656,bc1q56ltn7lyyh67ssccs8mwn2s0v7z899jk5j3a35,bitcoin
2023ICARUS-HAT-MIKEYWITH-19,00144b6cdd677594a5444da4ec391c07c016dca8b2f4,bc1qfdkd6em4jjj5gndyasu3cp7qzmw23vh50zadv7,bitcoin
2023ICARUS-HAT-MIKEYWITH-20,0014070ad3ca8fdfa3593a43d1cf7f62f4b924d2356e,bc1qqu9d8j50m734jwjr688h7ch5hyjdydtwsqxyfp,bitcoin
2023ICARUS-HAT-MIKEYWITH-21,001434b73c65d6f25ca3863f104b310bf6b66b979859,bc1qxjmncewk7fw28p3lzp9nzzlkke4e0xze0rjt3g,bitcoin
2023ICARUS-HAT-MINERJONES-1,0014013e680b13429b001647829f405ee675c94906e9,bc1qqylxszcng2dsq9j8s205qhhxwhy5jphfgxsn5m,bitcoin
2023ICARUS-HAT-MINERJONES-2,00143339cc1279b646858a75d7fd6bcedc888e0f1e86,bc1qxvuucynekergtzn46l7khnku3z8q785x6x0y4n,bitcoin
2023ICARUS-HAT-MINERJONES-3,0014fdac34837f87fb80f7fcb720401fc5017b4863d5,bc1qlkkrfqmlslacpalukusyq879q9a5sc74nmgeh9,bitcoin
2023ICARUS-HAT-MINERJONES-4,0014ee7dab04e59f4b8c6bbdc9febfb05857f0663dba,bc1qae76kp89na9cc6aae8ltlvzc2lcxv0d6hunrhp,bitcoin
2023ICARUS-HAT-MINERJONES-5,0014366d2a07578096883291d0e10d6dd421b5f1b8ca,bc1qxekj5p6hsztgsv536rss6mw5yx6lrwx27dv7n4,bitcoin
2023ICARUS-HAT-MINERJONES-6,00142d92e85945af838c4b5690de3df0205b3dd919f5,bc1q9kfwsk2947pccj6kjr0rmupqtv7ajx04dlljyu,bitcoin
2023ICARUS-HAT-MINERJONES-7,00148ae439e72414f85209e3ecf8c8fb7b53871876f8,bc1q3tjrneeyznu9yz0ranuv37mm2wr3sahcjgvypm,bitcoin
2023ICARUS-HAT-MINERJONES-8,0014fc2cda1596f01cf15411335bc4c8d64a9d3e7da4,bc1qlskd59vk7qw0z4q3xddufjxkf2wnuldy5rvf6c,bitcoin
2023ICARUS-HAT-MINERJONES-9,0014838f7188cfe556b5d53491433a5b4606584b6153,bc1qsw8hrzx0u4ttt4f5j9pn5k6xqevykc2n4j3fcs,bitcoin
2023ICARUS-HAT-MINERJONES-10,0014f623edc2bc5b2e0d184854ed363a2cf4135d335a,bc1q7c37ms4utvhq6xzg2nknvw3v7sf46v66wz3hm6,bitcoin
2023ICARUS-HAT-MINERJONES-11,00142ad387daa57c0b0f5d3425b60ab0fe3012310270,bc1q9tfc0k490s9s7hf5ykmq4v87xqfrzqnsxcnh58,bitcoin
2023ICARUS-HAT-MINERJONES-12,001451224cea7ba3ecf9cd2bc8679a69cf7a9d117abc,bc1q2y3ye6nm50k0nnftepne56w002w3z74umg834r,bitcoin
2023ICARUS-HAT-MINERJONES-13,00144284ade15740adc3a24d5eea3fd39b6e41da272f,bc1qg2z2mc2hgzku8gjdtm4rl5umdeqa5fe0pr73qk,bitcoin
2023ICARUS-HAT-MINERJONES-14,0014199417fb300076a1c877279a46a57367b3db03a6,bc1qrx2p07esqpm2rjrhy7dydftnv7eakqaxtyycxn,bitcoin
2023ICARUS-HAT-MINERJONES-15,001444f50d81ef0fd872cc886d956e298ec5339ebef0,bc1qgn6smq00plv89nygdk2ku2vwc5eea0hsr0law8,bitcoin
2023ICARUS-HAT-MINERJONES-16,00149ba76919aa2e3aa1a2f1c76d2d7e613f986075d5,bc1qnwnkjxd29ca2rgh3cakj6lnp87vxqaw4ypgayx,bitcoin
2023ICARUS-HAT-MINERJONES-17,0014e06cbf9574da7066a6fdead22e16bf917713e2a5,bc1qupktl9t5mfcxdfhaatfzu94lj9m38c49x9mtnn,bitcoin
2023ICARUS-HAT-MINERJONES-18,0014146ca5e1c361fcfd85c2f4288fab830648326505,bc1qz3k2tcwrv870mpwz7s5gl2urqeyryeg9n5d0q8,bitcoin
2023ICARUS-HAT-MINERJONES-19,001426b8506fbd4630a50a174a4faac787e2e7df7225,bc1qy6u9qmaagcc22zshff8643u8utna7u396r59ln,bitcoin
2023ICARUS-HAT-MINERJONES-20,00141c6ac500249b4df36a45bbef8d1c03c30deaa99f,bc1qr34v2qpyndxlx6j9h0hc68qrcvx742vl0g7mjk,bitcoin
2023ICARUS-HAT-MINERJONES-21,0014dd74e07bc78fc3acd9d2ef5344d12aaea3e4012d,bc1qm46wq7783lp6ekwjaaf5f5f24637gqfd3stzhq,bitcoin
2023ICARUS-HAT-RATIMOV-1,0014aecc8176a5668642ab72d38b96eec60edfaa4f8a,bc1q4mxgza49v6ry92mj6w9edmkxpm065nu26aup6u,bitcoin
2023ICARUS-HAT-RATIMOV-2,0014695de74b133fb9bb3baee2182e08c82df3c65d4f,bc1qd9w7wjcn87umkwawugvzuzxg9heuvh20w4ep57,bitcoin
2023ICARUS-HAT-RATIMOV-3,0014e8711f786635bbd9132b429f381005856a521b6f,bc1qapc377rxxkaajyetg20nsyq9s449yxm0xtgyza,bitcoin
2023ICARUS-HAT-RATIMOV-4,0014df5cfacbb6bf96a609f2b7fa9df276dc92d23141,bc1qmaw04jakh7t2vz0jklafmunkmjfdyv2phnprg9,bitcoin
2023ICARUS-HAT-RATIMOV-5,00140cac5ae9f2af490fdc079f000c0d7ff7a64bd8bc,bc1qpjk9460j4ayslhq8nuqqcrtl77nyhk9uye20nj,bitcoin
2023ICARUS-HAT-RATIMOV-6,00148762d53af33a67a81e69c56c57d4733340dffd17,bc1qsa3d2whn8fn6s8nfc4k904rnxdqdllghl0eydw,bitcoin
2023ICARUS-HAT-RATIMOV-7,0014644e55580d3c5e371615751250765a6929f3e5a5,bc1qv3892kqd830rw9s4w5f9qaj6dy5l8ed9x26s65,bitcoin
2023ICARUS-HAT-RATIMOV-8,001457abfae8d4171b3fb1fc3d88d03254ef1766002e,bc1q274l46x5zudnlv0u8kydqvj5autkvqpwmu6qkv,bitcoin
2023ICARUS-HAT-RATIMOV-9,0014a2743b80a3f14769268928329420493298f54c7c,bc1q5f6rhq9r79rkjf5f9qefggzfx2v02nrus7p20x,bitcoin
2023ICARUS-HAT-RATIMOV-10,00140fc8d7ed6f271d866faff98fe5ae3f99ec2f07f3,bc1qplyd0mt0yuwcvma0lx87tt3ln8kz7plnzw2t8a,bitcoin
2023ICARUS-HAT-RATIMOV-11,0014b836fb757a2f6925e530b634e9b59f4177378f8e,bc1qhqm0kat69a5jtefskc6wndvlg9mn0ruwg3gvfe,bitcoin
2023ICARUS-HAT-RATIMOV-12,00140c0223dd1887b5997e3075902624437171c1a243,bc1qpspz8hgcs76ejl3swkgzvfzrw9curgjrt0psqj,bitcoin
2023ICARUS-HAT-RATIMOV-13,001493027ef42f9a0bc03450feab3daa5cb93d4b108e,bc1qjvp8aap0ng9uqdzsl64nm2juhy75kyywpfn7gh,bitcoin
2023ICARUS-HAT-RATIMOV-14,0014a012ca4008edfba312223c1b2936722e71a547cc,bc1q5qfv5sqgaha6xy3z8sdjjdnj9ec6237vv96yuw,bitcoin
2023ICARUS-HAT-RATIMOV-15,0014e563efefeabe6ddbcbdaff38b561d5b57dbb5437,bc1qu437lml2hekahj76luut2cw4k47mk4phnas6kl,bitcoin
2023ICARUS-HAT-RATIMOV-16,001456ff31ecac5560f8d4b4125c59ac50358fefb98e,bc1q2mlnrm9v24s03495zfw9ntzsxk87lwvwrjs7lr,bitcoin
2023ICARUS-HAT-RATIMOV-17,0014d3f198f68b4194a75c9fa901da204dcc0071958c,bc1q60ce3a5tgx22whyl4yqa5gzdesq8r9vvkkxvkq,bitcoin
2023ICARUS-HAT-RATIMOV-18,0014c47a44c5336e28b115bd6aed08ad0c648f524a8f,bc1qc3ayf3fndc5tz9dadtks3tgvvj84yj5035tz4t,bitcoin
2023ICARUS-HAT-RATIMOV-19,001455a0e873e46dbdd4d583c76c1090ed01c72eec44,bc1q2kswsulydk7af4vrcakppy8dq8rjamzydscaf9,bitcoin
2023ICARUS-HAT-RATIMOV-20,0014169ba377b8d5b853e6834432a19d37f0803ee206,bc1qz6d6xaac6ku98e5rgse2r8fh7zqracsxkhmfpm,bitcoin
2023ICARUS-HAT-RATIMOV-21,00144076aa5c167a09919b8309b239954a4eb3310752,bc1qgpm25hqk0gyerxurpxern922f6enzp6j5jkw9l,bitcoin
2023ICARUS-HAT-SHAHZADAFZAL-1,0014d8eab5d7cafb4a3196f46a4a217cd29224fb2853,bc1qmr4tt472ld9rr9h5df9zzlxjjgj0k2zn03gzqx,bitcoin
2023ICARUS-HAT-SHAHZADAFZAL-2,00147229f322889ee5b6c5705664352684ded79b3c50,bc1qwg5lxg5gnmjmd3ts2ejr2f5ymmtek0zs9w0fj7,bitcoin
2023ICARUS-HAT-SHAHZADAFZAL-3,0014e9d28f2378875eed615f6fbf2e850764825b029f,bc1qa8fg7gmcsa0w6c2ld7ljapg8vjp9kq5l92zdu5,bitcoin
2023ICARUS-HAT-SHAHZADAFZAL-4,0014ff12617c597cf9d3bfd97ff1eebca27c18938b1a,bc1qlufxzlze0nua807e0lc7a09z0svf8zc6f3hdvw,bitcoin
2023ICARUS-HAT-SHAHZADAFZAL-5,0014e377947f5c216253323a8f63ef40ae0263197aad,bc1qudmegl6uy939xv363a377s9wqf33j74d4plrsw,bitcoin
2023ICARUS-HAT-SHAHZADAFZAL-6,0014bf272eda5eabbec386fc3c85302ef264ecc3e3a0,bc1qhunjakj74wlv8phu8jznqthjvnkv8caqs3qmze,bitcoin
2023ICARUS-HAT-SHAHZADAFZAL-7,0014c192d9db77d6d76f96f9931f27a53f16e43295f0,bc1qcxfdnkmh6mtkl9hejv0j0fflzmjr990sa7dgxp,bitcoin
2023ICARUS-HAT-SHAHZADAFZAL-8,0014f8a921d4eabca09b51c83c50101bcccf9b092067,bc1qlz5jr482hjsfk5wg83gpqx7ve7dsjgr8qg3geg,bitcoin
2023ICARUS-HAT-SHAHZADAFZAL-9,0014e6e073fc54fb2ff43ac3671c22161af5c39bae5f,bc1qums88lz5lvhlgwkrvuwzy9s67hpehtjlykhmn9,bitcoin
2023ICARUS-HAT-SHAHZADAFZAL-10,0014437e8c3214713f2fc733ad101bb834d6ead6fda9,bc1qgdlgcvs5wyljl3en45gphwp56m4ddldfxu5c77,bitcoin
2023ICARUS-HAT-SHAHZADAFZAL-11,0014811390ee0ef87535aa1f03aba142e3b05e9f35f6,bc1qsyfepmswlp6nt2slqw46zshrkp0f7d0k0stnjh,bitcoin
2023ICARUS-HAT-SHAHZADAFZAL-12,0014ba142d940eac1ebe47796d0f1ca1cd5d5a51b22c,bc1qhg2zm9qw4s0tu3med583egwdt4d9rv3v485mu8,bitcoin
2023ICARUS-HAT-SHAHZADAFZAL-13,0014d0d89e9a7e0e808f02fe83cd5ed47553b9288613,bc1q6rvfaxn7p6qg7qh7s0x4a4r42wuj3psnkpf449,bitcoin
2023ICARUS-HAT-SHAHZADAFZAL-14,0014912646259b4dda73573cda81dcada697ed89963e,bc1qjynyvfvmfhd8x4eum2qaetdxjlkcn9370p6qdh,bitcoin
2023ICARUS-HAT-SHAHZADAFZAL-15,0014d9621a2fe4610ccef53fd29013d0dc915d0e7a80,bc1qm93p5tlyvyxvaafl62gp85xuj9wsu75q3cwr6y,bitcoin
2023ICARUS-HAT-SHAHZADAFZAL-16,0014e351bce45526ec13a9709e856d3305244cab2ae4,bc1qudgmeez4ymkp82tsn6zk6vc9y3x2k2hyg8hlsl,bitcoin
2023ICARUS-HAT-SHAHZADAFZAL-17,001426ad4d6da612e5ac05a53098aee02d44b3b7a25f,bc1qy6k56mdxztj6cpd9xzv2acpdgjem0gjlqaxphe,bitcoin
2023ICARUS-HAT-SHAHZADAFZAL-18,001456c02c8fbe0eab8c53ff966ec24d614172cf95c6,bc1q2mqzera7p64cc5lljehvyntpg9evl9wxefxuy6,bitcoin
2023ICARUS-HAT-SHAHZADAFZAL-19,001424130573d59292cbefaa6cbaeac4b1472a0df7ac,bc1qysfs2u74j2fvhma2djaw4393gu4qmaavvvjkxw,bitcoin
2023ICARUS-HAT-SHAHZADAFZAL-20,0014a05a5bef658cf1f989912b9184a8d220c98ff3b9,bc1q5pd9hmm93nclnzv39wgcf2xjyrycluaeeefkj6,bitcoin
2023ICARUS-HAT-SHAHZADAFZAL-21,0014ca863323066a2084d64b3729f7be4040f1dc42e2,bc1qe2rrxgcxdgsgf4jtxu5l00jqgrcacshzvdlh5q,bitcoin
2023ICARUS-HAT-BITCOINGIRL-CLUB-1,00146bb09503cf21da3540e88b0e65a4e38a60b9da87,bc1qdwcf2q70y8dr2s8g3v8xtf8r3fstnk582zguz2,bitcoin
2023ICARUS-HAT-BITCOINGIRL-CLUB-2,0014e8940d0ae0042f3963268b87225e2326213cc0c8,bc1qaz2q6zhqqshnjcex3wrjyh3rycsnesxgagrnqe,bitcoin
2023ICARUS-HAT-BITCOINGIRL-CLUB-3,001451b04f25aaa57278efb2eb38bb4950a60d4eca56,bc1q2xcy7fd254e83majavutkj2s5cx5ajjkjqc95e,bitcoin
2023ICARUS-HAT-BITCOINGIRL-CLUB-4,0014868be7acb7f81cfb15814a7ad25bfc4d19e2f585,bc1qs6970t9hlqw0k9vpffadykluf5v79av9xgtz0u,bitcoin
2023ICARUS-HAT-BITCOINGIRL-CLUB-5,0014afb643d6c70049589cbc547e6e97e2e7baa493b4,bc1q47my84k8qpy4389u23lxa9lzu7a2fya58y04n6,bitcoin
2023ICARUS-HAT-BITCOINGIRL-CLUB-6,0014d7119f6a227bd392707596a4adb4bd9c5e17f983,bc1q6uge763z00feyur4j6j2md9an30p07vrf0q05j,bitcoin
2023ICARUS-HAT-BITCOINGIRL-CLUB-7,001413f6682bdebe490a1f45c15d2f0cc54818dc93a7,bc1qz0mxs277heys5869c9wj7rx9fqvdeya8u65xr5,bitcoin
2023ICARUS-HAT-BITCOINGIRL-CLUB-8,0014cb6c8df894b032813b66a558f304fd01cff6ccdf,bc1qedkgm7y5kqegzwmx54v0xp8aq88ldnxlehl0t3,bitcoin
2023ICARUS-HAT-BITCOINGIRL-CLUB-9,0014dc415f9e9f1a6e869310bc97b86cbfa6f1cc5f73,bc1qm3q4l85lrfhgdycshjtmsm9l5mcuchmn6macdk,bitcoin
2023ICARUS-HAT-BITCOINGIRL-CLUB-10,001444dc0214224d0c08edfbf5e92bd0ffd3a6498d22,bc1qgnwqy9pzf5xq3m0m7h5jh58l6wnynrfzmjta0d,bitcoin
2023ICARUS-HAT-BITCOINGIRL-CLUB-11,0014b77b5ee8912b4a76ed6d0ab24ad2abdffee53699,bc1qkaa4a6y39d98dmtdp2ey454tmllw2d5e42mjtf,bitcoin
2023ICARUS-HAT-BITCOINGIRL-CLUB-12,00149e6504c2abd7dc311833c8331477c720b0ee2998,bc1qnejsfs4t6lwrzxpneqe3ga78yzcwu2vck2vryv,bitcoin
2023ICARUS-HAT-BITCOINGIRL-CLUB-13,00140600cbc73f6e686ff6124587d54551e7d9e6ae0e,bc1qqcqvh3elde5xlasjgkra2323ulv7dtsw88f970,bitcoin
2023ICARUS-HAT-BITCOINGIRL-CLUB-14,001479baae011101d5f69bdcce09dfd16ddbad041ed9,bc1q0xa2uqg3q82ldx7uecyal5tdmwksg8kewc9v0z,bitcoin
2023ICARUS-HAT-BITCOINGIRL-CLUB-15,001410c146a1853a19a01694df743ca85f8b9e757711,bc1qzrq5dgv98gv6q955ma6re2zl3w082ac30p899q,bitcoin
2023ICARUS-HAT-BITCOINGIRL-CLUB-16,001437e955b5a1137f737abfecefcb2bff4dac03b5e1,bc1qxl54tddpzdlhx74lanhuk2llfkkq8d0p2wl6hv,bitcoin
2023ICARUS-HAT-BITCOINGIRL-CLUB-17,0014d3c43949f2ef9db1ed57d346b1d88f0e6bb0b88d,bc1q60zrjj0ja7wmrm2h6drtrky0pe4mpwyd0a2c97,bitcoin
2023ICARUS-HAT-BITCOINGIRL-CLUB-18,00142fc3b0abea4d11c40ebd0dadd8438e7086bfd1b3,bc1q9lpmp2l2f5gugr4apkkassuwwzrtl5dncrdd2n,bitcoin
2023ICARUS-HAT-BITCOINGIRL-CLUB-19,0014d4896e6580d788963d7bd8bfd11c783ef1168a60,bc1q6jykuevq67yfv0tmmzlaz8rc8mc3dznqj93g33,bitcoin
2023ICARUS-HAT-BITCOINGIRL-CLUB-20,001434822ea4c848659bd21655901f436c27b82d0283,bc1qxjpzafxgfpjeh5sk2kgp7smvy7uz6q5r2nvzc3,bitcoin
2023ICARUS-HAT-BITCOINGIRL-CLUB-21,0014ad61617013a943c115ee23d8dd12e4c7dc166845,bc1q44skzuqn49puz90wy0vd6yhyclwpv6z9tsjyp4,bitcoin
2023ICARUS-HAT-EFIALTIS-1,00141c02e240cd55304ec1fd76f180b314787dbbcf5f,bc1qrspwysxd25cyas0awmccpvc50p7mhn6lkts802,bitcoin
2023ICARUS-HAT-EFIALTIS-2,0014b269dd8369d706a418d48fcc38b2dff283de2fa9,bc1qkf5amqmf6ur2gxx53lxr3vkl72pautafkmwr0u,bitcoin
2023ICARUS-HAT-EFIALTIS-3,00147ed9a21cf97380ad1d48acbf614122e76a107eee,bc1q0mv6y88ewwq2682g4jlkzsfzua4pqlhwrke73j,bitcoin
2023ICARUS-HAT-EFIALTIS-4,0014efcc3a5c0aab96895beee04613347521bbd6c082,bc1qalxr5hq24wtgjklwuprpxdr4yxaadsyzqk3v29,bitcoin
2023ICARUS-HAT-EFIALTIS-5,001460c8bd06024f76877ef22e61dcf308b0a0fdb24d,bc1qvryt6pszfamgwlhj9esaeucgkzs0mvjdlkw3v7,bitcoin
2023ICARUS-HAT-EFIALTIS-6,00144aa71207a37982e9a1723933e6e4659763f331fa,bc1qf2n3ypar0xpwngtj8ye7der9ja3lxv06qffkv9,bitcoin
2023ICARUS-HAT-EFIALTIS-7,0014bd254de61e93a6fae95ee78c8b9c880768a36d2d,bc1qh5j5mes7jwn04627u7xgh8ygqa52xmfd8ssau4,bitcoin
2023ICARUS-HAT-EFIALTIS-8,00144029ad0190070ec457ed5a949342c2e1c79577ec,bc1qgq566qvsqu8vg4ldt22fxskzu8re2alvvtkqf7,bitcoin
2023ICARUS-HAT-EFIALTIS-9,0014ecb7d3fbad65f6bc92930db0b437cdee9ac68b3b,bc1qajma87advhmtey5npkctgd7da6dvdzemngdej4,bitcoin
2023ICARUS-HAT-EFIALTIS-10,0014b1acd4d275551800daed16ffc5c2d002c05e60b2,bc1qkxkdf5n425vqpkhdzmlutsksqtq9uc9jlhmfy0,bitcoin
2023ICARUS-HAT-EFIALTIS-11,0014aca02795e0e821827c7ee8ea10670dd442e256b9,bc1q4jsz090qaqscylr7ar4pqecd63pwy44emmmc8w,bitcoin
2023ICARUS-HAT-EFIALTIS-12,00140f5fe26920491fa7eed0b2f6a35a23defab0fe6e,bc1qpa07y6fqfy060mksktm2xk3rmmatplnw2m3xq6,bitcoin
2023ICARUS-HAT-EFIALTIS-13,00141cf40ebb19a8cacbb1cd59480cd8e2c6b1fe3d4b,bc1qrn6qawce4r9vhvwdt9yqek8zc6clu02t2urqu5,bitcoin
2023ICARUS-HAT-EFIALTIS-14,0014413644f57d1dd9a5e50b1d773cd1ebf6eeae7411,bc1qgymyfatarhv6tegtr4mne50t7mh2uaq38qvaec,bitcoin
2023ICARUS-HAT-EFIALTIS-15,001466e6f8c122af7c5c58e90f070d571f24f7ffacc6,bc1qvmn03sfz4a79ck8fpurs64clynmlltxxrf4g25,bitcoin
2023ICARUS-HAT-EFIALTIS-16,0014d5a551582bce6c72810b3fb84a4863d6f2f26426,bc1q6kj4zkpteek89qgt87uy5jrr6me0yepxf04lu5,bitcoin
2023ICARUS-HAT-EFIALTIS-17,001474decdb4a75d14caba9e3dd81399c03c363e5f70,bc1qwn0vmd98t52v4w578hvp8xwq8smruhmspcdwrn,bitcoin
2023ICARUS-HAT-EFIALTIS-18,0014b139b320c10d4ede497ff09d11272ee4c4c8b4a6,bc1qkyumxgxpp48dujtl7zw3zfewunzv3d9x56czqk,bitcoin
2023ICARUS-HAT-EFIALTIS-19,0014d611b2f6ecb5ff61cf335d88ea6bafe4f90a6e6c,bc1q6cgm9ahvkhlkrnentkyw56a0unus5mnv7gysf5,bitcoin
2023ICARUS-HAT-EFIALTIS-20,0014f2899daf8ab034ad9b252142358beb6b79801218,bc1q72yemtu2kq62mxe9y9prtzltdducqysct50fl9,bitcoin
2023ICARUS-HAT-EFIALTIS-21,00146f65889d676fac7dc647d31562bbeb0df467934b,bc1qdajc38t8d7k8m3j86v2k9wltph6x0y6tyt3m60,bitcoin
2023ICARUS-HAT-XHOMERX10-1,001443e605429b8655b052ea0e2a9a0ba88fa89fd237,bc1qg0nq2s5mse2mq5h2pc4f5zag375fl53h34kwjz,bitcoin
2023ICARUS-HAT-XHOMERX10-2,0014ab8e636478cc3e2765c1e03c3866c297bb87c995,bc1q4w8xxerceslzwewpuq7rsekzj7ac0jv4j4kffj,bitcoin
2023ICARUS-HAT-XHOMERX10-3,00146b1a637c9ff66080a6c65e953996db1051aa6af8,bc1qdvdxxlyl7esgpfkxt62nn9kmzpg656hcmus827,bitcoin
2023ICARUS-HAT-XHOMERX10-4,001423c31b2b6545a1fbc4d4dd09c3e5979cc7f03f1e,bc1qy0p3k2m9gkslh3x5m5yu8evhnnrlq0c7khfxaw,bitcoin
2023ICARUS-HAT-XHOMERX10-5,0014f396cedaa40cb1dc2213193bfe4855bec4a929b1,bc1q7wtvak4ypjcacgsnryalujz4hmz2j2d3p493fy,bitcoin
2023ICARUS-HAT-XHOMERX10-6,0014b59342c5dd36a2c326301e2a26757fb3d01050c1,bc1qkkf593wax63vxf3src4zvatlk0gpq5xpvpc2ey,bitcoin
2023ICARUS-HAT-XHOMERX10-7,0014606455b0607e3ef8d1e86728cf736ec49485722b,bc1qvpj9tvrq0cl0350gvu5v7umwcj2g2u3tl27a7p,bitcoin
2023ICARUS-HAT-XHOMERX10-8,00142636f18dc734b3d8845f7a9568d15fbfe8e315d0,bc1qycm0rrw8xjea3pzl022k352lhl5wx9wss06ct0,bitcoin
2023ICARUS-HAT-XHOMERX10-9,0014983c95debbb81cf9e4181ca72c36886d356e04e8,bc1qnq7fth4mhqw0neqcrjnjcd5gd56kup8gne6u9u,bitcoin
2023ICARUS-HAT-XHOMERX10-10,00145d3148658fef2d1ce2c0605b76aa96511f224d83,bc1qt5c5sev0auk3eckqvpdhd25k2y0jynvr8ups9m,bitcoin
2023ICARUS-HAT-XHOMERX10-11,001484232d1e7f34a2a9dba3898adfa7668cbba522c1,bc1qss3j68nlxj32nkar3x9dlfmx3ja62gkp2jsem3,bitcoin
2023ICARUS-HAT-XHOMERX10-12,00147b5f9ed8573cb215df78c20b1d46429d761b0ef9,bc1q0d0eakzh8jepthmccg9363jzn4mpkrheueje58,bitcoin
2023ICARUS-HAT-XHOMERX10-13,001460db5a511fb3988fe3524142141dff507245f3bd,bc1qvrd455glkwvglc6jg9ppg80l2peytuaalgwlar,bitcoin
2023ICARUS-HAT-XHOMERX10-14,0014a0a04b29453b697a593ee421d549bcbd1fd26899,bc1q5zsyk2298d5h5kf7ussa2jduh50ay6yeqgvdkl,bitcoin
2023ICARUS-HAT-XHOMERX10-15,00142f717314b5e181da1b3a335dec075e42b5e0aa4f,bc1q9achx994uxqa5xe6xdw7cp67g267p2j0tj78w0,bitcoin
2023ICARUS-HAT-XHOMERX10-16,00143ffa928e58458b4280fd8c3271d61e2e5347e0e2,bc1q8laf9rjcgk959q8a3se8r4s79ef50c8z79su7m,bitcoin
2023ICARUS-HAT-XHOMERX10-17,0014e9eb31d7d2f64a29fba42d8b626188bfd240d996,bc1qa84nr47j7e9zn7ay9k9kycvghlfypkvkrfequ9,bitcoin
2023ICARUS-HAT-XHOMERX10-18,00141aefed8811e6158a8b660c80660465af0ec65be0,bc1qrth7mzq3uc2c4zmxpjqxvpr94u8vvklqrg6qpq,bitcoin
2023ICARUS-HAT-XHOMERX10-19,001427851fe7cedf8753beff6213306ec981f3aab4c6,bc1qy7z3le7wm7r480hlvgfnqmkfs8e64dxxd8wutl,bitcoin
2023ICARUS-HAT-XHOMERX10-20,001440dc9f1831950cfd47e41a40910847a252ab522f,bc1qgrwf7xp3j5x063lyrfqfzzz85ff2k5302m2dw5,bitcoin
2023ICARUS-HAT-XHOMERX10-21,0014f5a46746b82660d2337821d6bb2a4231420b0bb0,bc1q7kjxw34cyesdyvmcy8ttk2jzx9pqkzasv8n8ey,bitcoin
2023ICARUS-TIMELINE-12-2023-1,0014dd02568959910badec73065e5b2355e9f9def3bc,bc1qm5p9dz2ejy96mmrnqe09kg64a8uaauaue38s03,bitcoin
2023ICARUS-TIMELINE-12-2023-2,00146327b5f85ff06b70032ce3114d564359943d1d48,bc1qvvnmt7zl7p4hqqevuvg564jrtx2r682gjgy0nk,bitcoin
2023ICARUS-TIMELINE-12-2023-3,0014a509797e7d206fc8aec934825448a79f787fc6b0,bc1q55yhjlnayphu3tkfxjp9gj98nau8l34sf4w5ag,bitcoin
2023ICARUS-TIMELINE-12-2023-4,001445be0a12d70cd030597b7a9a537437f6a01e4c91,bc1qgklq5ykhpngrqktm02d9xaph76spuny3yqaekc,bitcoin
2023ICARUS-TIMELINE-12-2023-5,0014d73344fe1ccc5b37221c371ac5b74009bc6458d9,bc1q6ue5flsue3dnwgsuxudvtd6qpx7xgkxer9aw0d,bitcoin
2023ICARUS-TIMELINE-12-2023-6,0014fe5b93f1528d769ac066ef9554d8a2c0d95ed370,bc1qlede8u2j34mf4srxa724fk9zcrv4a5mslyu2gk,bitcoin
2023ICARUS-TIMELINE-12-2023-7,001421a0f2e09e1da80685119ee7eccd00c61a9236fc,bc1qyxs09cy7rk5qdpg3nmn7engqccdfydhutxc30s,bitcoin
2023ICARUS-TIMELINE-12-2023-8,001439e198db9101dc583f7f00c591e33d208fa401f1,bc1q88se3ku3q8w9s0mlqrzerceayz86gq03pgvuv6,bitcoin
2023ICARUS-TIMELINE-12-2023-9,00149c98fee4bf442f98a543d20db5de7e230d7aaf6b,bc1qnjv0ae9lgshe3f2r6gxmthn7yvxh4tmtv655hr,bitcoin
2023ICARUS-TIMELINE-12-2023-10,0014879bc00d1c0da674e07cf727de9b917404cb36a1,bc1qs7duqrgupkn8fcru7unaaxu3wszvkd4plgut6v,bitcoin
2023ICARUS-TIMELINE-12-2023-11,001498e63dcaf7ef30c52c06bda1176908ecd3cf53bd,bc1qnrnrmjhhaucv2tqxhks3w6gganfu75aatmsthg,bitcoin
2023ICARUS-TIMELINE-12-2023-12,0014fd9265c9e1c8348f099c0d5c67e18dd2142e7c99,bc1qlkfxtj0peq6g7zvup4wx0cvd6g2zulye6866h5,bitcoin
2023ICARUS-TIMELINE-12-2023-13,001468be6e49bdda7d32755833f6c55e5326cc9fef2c,bc1qdzlxujdamf7nya2cx0mv2hjnymxflmevdgkv65,bitcoin
2023ICARUS-TIMELINE-12-2023-14,001430874c15c365a74cb55d62b6ff4fe0914a8f1684,bc1qxzr5c9wrvkn5ed2av2m07nlqj99g795yrq0kvk,bitcoin
2023ICARUS-TIMELINE-12-2023-15,001437cd251ada4edaf19872d5dd458de6bc0d54ec82,bc1qxlxj2xk6fmd0rxrj6hw5tr0xhsx4fmyz5wwj6n,bitcoin
2023ICARUS-TIMELINE-12-2023-16,00140de215fcdaa95f6fa934df46d1849c7f975d802e,bc1qph3ptlx6490kl2f5mardrpyu07t4mqpwfc5wyj,bitcoin
2023ICARUS-TIMELINE-12-2023-17,001400f5ec692be2cc39583e2bbf713e3d5dec5d0faa,bc1qqr67c6ftutxrjkp79wlhz03athk96ra2ygga8c,bitcoin
2023ICARUS-TIMELINE-12-2023-18,0014c060245982b7f6b5860bbd304c889967be0afab0,bc1qcpszgkvzklmttpsth5cyezyev7lq474s3yzhkq,bitcoin
2023ICARUS-TIMELINE-12-2023-19,0014204ef84acccb7034f5a038073c304b031e4b6644,bc1qyp80sjkvedcrfadq8qrncvztqv0ykejy6554m2,bitcoin
2023ICARUS-TIMELINE-12-2023-20,00149c4c42240b9237d2a4a244ac724f19533b2e4c8b,bc1qn3xyyfqtjgma9f9zgjk8ynce2vajunyt5we235,bitcoin
2023ICARUS-TIMELINE-12-2023-21,0014409a449aad764afb94aed1e805ff69d7545dbf32,bc1qgzdyfx4dwe90h99w685qtlmf6a29m0ejylrgwz,bitcoin
2023ICARUS-TIMELINE-12-2023-22,00144d471cf57826cc67c3cd626fd2d9fc81e7a77093,bc1qf4r3eatcymxx0s7dvfha9k0us8n6wuynvfdy04,bitcoin
2023ICARUS-TIMELINE-12-2023-23,00149347f13e497759728b9579592ef50f867c7000bc,bc1qjdrlz0jfwavh9zu409vjaag0se78qq9uwhf8j5,bitcoin
2023ICARUS-TIMELINE-12-2023-24,00148eef40e45a42b9be10159bdafac2f534137b4d78,bc1q3mh5pez6g2umuyq4n0d04sh4xsfhkntcmtfgrj,bitcoin
2023ICARUS-TIMELINE-12-2023-25,0014cb51a4e5477268c4560ca3fbd647b47fd2d1bd69,bc1qedg6fe28wf5vg4sv50aav3a50lfdr0tfs0d4ew,bitcoin
2023ICARUS-TIMELINE-12-2023-26,0014f21ec2496df23180c694327845b87eb3c8f209db,bc1q7g0vyjtd7gccp355xfuytwr7k0y0yzwm0qqmlt,bitcoin
2023ICARUS-TIMELINE-12-2023-27,0014aaec031fe728790e6336c998f5be0fddeedf76e5,bc1q4tkqx8l89pusucekexv0t0s0mhhd7ah9k30r25,bitcoin
2023ICARUS-TIMELINE-12-2023-28,0014aabc397882ec1fea0c47127b11128c0ede1e7d60,bc1q427rj7yzas075rz8zfa3zy5vpm0pultqecgpet,bitcoin
2023ICARUS-TIMELINE-12-2023-29,0014740e2ce5e9577acb32582fb69c208b4e477a5b8e,bc1qws8zee0f2aavkvjc97mfcgytferh5kuwp9zxnt,bitcoin
2023ICARUS-TIMELINE-12-2023-30,00149748515b47f3e60e6403892e4d59fd6194b94a19,bc1qjay9zk6870nqueqr3yhy6k0avx2tjjse82ue5j,bitcoin
2023ICARUS-TIMELINE-12-2023-31,0014836cb32c3e0dd9f05a4aa99ab27585ea7a51a53a,bc1qsdktxtp7phvlqkj24xdtyav9afa9rff6nv9qxy,bitcoin
2023ICARUS-TIMELINE-12-2023-32,0014277137a5c52ace8eec1e4fbde31455e6dd374c03,bc1qyacn0fw99t8gamq7f777x9z4umwnwnqrp3ukjl,bitcoin
2023ICARUS-TIMELINE-12-2023-33,001438bb6dfa5cb42520848ff284c686d4abe3bd8601,bc1q8zakm7juksjjppy072zvdpk5403mmpsp0l75jj,bitcoin
2023ICARUS-TIMELINE-12-2023-34,0014fa653091124756fd0d5c5fdfcf0de1e1bd824c0c,bc1qlfjnpygjgat06r2utl0u7r0pux7cynqvxrc0ql,bitcoin
2023ICARUS-TIMELINE-12-2023-35,0014ab0f1909c6cc1b6ba3e881ec25775f9d620b6d47,bc1q4v83jzwxesdkhglgs8kz2a6ln43qkm28j7g9h4,bitcoin
2023ICARUS-TIMELINE-12-2023-36,00144179065173e1687cea307cbc8de2f03cd8d5f088,bc1qg9usv5tnu958e63s0j7gmchs8nvdtuyg9qa9q5,bitcoin
2023ICARUS-TIMELINE-12-2023-37,0014a4d8a332a73974bfa14ffb417281fc79aab797d6,bc1q5nv2xv48896tlg20ldqh9q0u0x4t097ksg9kh6,bitcoin
2023ICARUS-TIMELINE-12-2023-38,0014441b5f2aaf17f11265642232819f98b206c5a8f3,bc1qgsd47240zlc3yetyygegr8uckgrvt28nz55c64,bitcoin
2023ICARUS-TIMELINE-12-2023-39,00147bcaa4f924e86b9a30527bfab1c86f02c12b22aa,bc1q0092f7fyap4e5vzj00atrjr0qtqjkg420kpv82,bitcoin
2023ICARUS-TIMELINE-12-2023-40,0014232bcc5574af644612d34df2d7cc6e1855879b78,bc1qyv4uc4t54ajyvyknfhed0nrwrp2c0xmclm3fv0,bitcoin
2023ICARUS-TIMELINE-12-2023-41,001410b7be3df24419bbb60c516d14d613245ac3624f,bc1qzzmmu00jgsvmhdsv29k3f4sny3dvxcj0ffr6gl,bitcoin
2023ICARUS-TIMELINE-12-2023-42,00146072c5bb8fc9f8317779264c20c3dae9a9c35548,bc1qvpevtwu0e8urzameyexzps76ax5ux42gm48vvm,bitcoin
2024ICARUS-TIMELINE-1-2024-1,001440d5c78db8916c44104809348c3f88450ab92c25,bc1qgr2u0rdcj9kygyzgpy6gc0ugg59tjtp9jgyt0p,bitcoin
2024ICARUS-TIMELINE-1-2024-2,00148e1057ee3b944500193757606dd33634bb32bd4d,bc1q3cg90m3mj3zsqxfh2asxm5ekxjan902dd9uzkr,bitcoin
2024ICARUS-TIMELINE-1-2024-3,00148c10c7b15759cdf9211d554d814effdbf3a2025d,bc1q3sgv0v2ht8xljgga24xcznhlm0e6yqja53wggw,bitcoin
2024ICARUS-TIMELINE-1-2024-4,00143aa293fa834ec55bc332bcd0d15a93ac1ccfc9a9,bc1q823f875rfmz4hsejhngdzk5n4swvljdfmpqqze,bitcoin
2024ICARUS-TIMELINE-1-2024-5,0014b30dcc1331e4277f3dbe1f1f9b477c77cf6a8e6f,bc1qkvxucye3usnh70d7ru0ek3muwl8k4rn0m3ayj5,bitcoin
2024ICARUS-TIMELINE-1-2024-6,001426784a0ed8fefd9e2188a70216ffd916ab7e95c9,bc1qyeuy5rkclm7eugvg5uppdl7ez64ha9wf7ty286,bitcoin
2024ICARUS-TIMELINE-1-2024-7,00148b303ff5a3fcbd9ac53b6952a1f1920349c7a2b1,bc1q3vcrladrlj7e43fmd9f2ruvjqdyu0g437hkp5w,bitcoin
2024ICARUS-TIMELINE-1-2024-8,0014b0f269c03158e63040553e00a73458b6b48883bd,bc1qkrexnsp3trnrqsz48cq2wdzck66g3qaa7sfdau,bitcoin
2024ICARUS-TIMELINE-1-2024-9,00142f41fb28ae0cc247e94fa036d1cccc8ce10e46d4,bc1q9aqlk29wpnpy06205qmdrnxv3nssu3k5jtfjnm,bitcoin
2024ICARUS-TIMELINE-1-2024-10,0014cd6b1d959a98a24137d50a6c65c867f9905b64df,bc1qe443m9v6nz3yzd74pfkxtjr8lxg9kexldsv0zv,bitcoin
2024ICARUS-TIMELINE-1-2024-11,001415647c96eae2eff12993f5930eb121a515c4fa34,bc1qz4j8e9h2uthlz2vn7kfsavfp552uf735448rkt,bitcoin
2024ICARUS-TIMELINE-1-2024-12,0014f8ef6b5ffff261f1d97c639bd187c1da75043131,bc1qlrhkkhll7fslrktuvwdarp7pmf6sgvf3jjxejy,bitcoin
2024ICARUS-TIMELINE-1-2024-13,00145f63803e600b5c6d16d3b9c5ead89faf456008af,bc1qta3cq0nqpdwx69knh8z74kyl4azkqz90arxq2x,bitcoin
2024ICARUS-TIMELINE-1-2024-14,0014c82d045c66cf23b136d16b671a27a3ea4f842c7e,bc1qeqksghrxeu3mzdk3ddn35faraf8cgtr7ac0fzr,bitcoin
2024ICARUS-TIMELINE-1-2024-15,0014882b62322043067a1aed77c9e941ea926b7a6a8a,bc1q3q4kyv3qgvr85xhdwly7js02jf4h5652dq56fy,bitcoin
2024ICARUS-TIMELINE-1-2024-16,00144a6530fbeb79cf5b3bcc7d49006ecb7e65ea9858,bc1qffjnp7lt0884kw7v04ysqmkt0ej74xzcy6d69n,bitcoin
2024ICARUS-TIMELINE-1-2024-17,001478dc5bbff473c897252b64976970592929dbe7a0,bc1q0rw9h0l5w0yfwfftvjtkjuze9y5aheaq9xk5pt,bitcoin
2024ICARUS-TIMELINE-1-2024-18,00142e399c40112347b6894839d2f35e6ef92eae3b3f,bc1q9cuecsq3ydrmdz2g88f0xhnwlyh2uwelwteffz,bitcoin
2024ICARUS-TIMELINE-1-2024-19,0014c03375635e849df044ee5ac1f7fcd51cc99d61f3,bc1qcqeh2c67sjwlq38wttql0lx4rnye6c0nrv4p6r,bitcoin
2024ICARUS-TIMELINE-1-2024-20,0014c6d8923fe048e52a756248558354a2dc8cf765bc,bc1qcmvfy0lqfrjj5atzfp2cx49zmjx0wedurj04sh,bitcoin
2024ICARUS-TIMELINE-1-2024-21,0014f5f1d6d696b8e2f6d31c167c2485e50d91cba1a0,bc1q7hcad45khr30d5cuze7zfp09pkguhgdq3uadpm,bitcoin
2024ICARUS-TIMELINE-1-2024-22,0014f70cb7dbd8d0893dc09355b9ff08ecb775f17bdc,bc1q7uxt0k7c6zynmsyn2kul7z8vka6lz77u9d20fl,bitcoin
2024ICARUS-TIMELINE-1-2024-23,0014ac85fe5cf115e5fc7ad77043fc5d266a94f9ad5e,bc1q4jzluh83zhjlc7khwpplchfxd220nt27aggklj,bitcoin
2024ICARUS-TIMELINE-1-2024-24,001463614374a2fb927dad0765b5feff5505347b8f26,bc1qvds5xa9zlwf8mtg8vk6lal64q568hrexamljqq,bitcoin
2024ICARUS-TIMELINE-1-2024-25,00141b8e6b1fe2a8b0de2019d77c5498a1fdea1e73d2,bc1qrw8xk8lz4zcdugqe6a79fx9plh4puu7j2tl65d,bitcoin
2024ICARUS-TIMELINE-1-2024-26,001480c63efbde267431a6d1b4d3c024236e738860c9,bc1qsrrra777ye6rrfk3knfuqfprdeecscxfvj6j7t,bitcoin
2024ICARUS-TIMELINE-1-2024-27,00140f5b55af1f968a60c24615f507a399dd54c65a5c,bc1qpad4ttclj69xpsjxzh6s0guem42vvkjug23lns,bitcoin
2024ICARUS-TIMELINE-1-2024-28,0014328763f101e10beef9e19b77657fa83daf86d750,bc1qx2rk8ugpuy97a70pndmk2lag8khcd46smsuv3a,bitcoin
2024ICARUS-TIMELINE-1-2024-29,0014818f6c64e0245c6e511214ddb2b41492004ce001,bc1qsx8kce8qy3wxu5gjznwm9dq5jgqyecqpam5u6s,bitcoin
2024ICARUS-TIMELINE-1-2024-30,0014d32705b2844c96be3d48417e40c230a3c52a224a,bc1q6vnstv5yfjttu02gg9lyps3s50zj5gj20dkfkx,bitcoin
2024ICARUS-TIMELINE-1-2024-31,0014427e28fe47634790a6527a9f9b443b4e49f3a415,bc1qgflz3lj8vdrepfjj020ek3pmfeyl8fq4wvp5df,bitcoin
2024ICARUS-TIMELINE-1-2024-32,0014fa002a4615c886ca86db0ba9a36a98a16a045207,bc1qlgqz53s4ezrv4pkmpw56x65c594qg5s8a8vknt,bitcoin
2024ICARUS-TIMELINE-1-2024-33,0014886def2a55a6d6607110ebea326c62edc8c43767,bc1q3pk772j45mtxqugsa04rymrzahyvgdm8mn0umv,bitcoin
2024ICARUS-TIMELINE-1-2024-34,00142969cf351102aed0692afea084105bcf924d28cd,bc1q995u7dg3q2hdq6f2l6sggyzme7fy62xd2qz8yx,bitcoin
2024ICARUS-TIMELINE-1-2024-35,0014ad3becd41696a3936eff38afcb86339271b1f199,bc1q45a7e4qkj63exmhl8zhuhp3njfcmruveytad4t,bitcoin
2024ICARUS-TIMELINE-1-2024-36,0014ef3a711ca1a744115c67255ea3e4b6f914981b71,bc1qaua8z89p5azpzhr8y4028e9kly2fsxm3u6g7tl,bitcoin
2024ICARUS-TIMELINE-1-2024-37,00146ce1ae991d35c9cbb32b9350166a54d1a1488c9d,bc1qdns6axgaxhyuhvetjdgpv6j56xs53ryaft973q,bitcoin
2024ICARUS-TIMELINE-1-2024-38,001426d1ffe719e2a55becce1a9e7d1f08d7710d9f64,bc1qymglleceu2j4hmxwr20868cg6acsm8myayggqn,bitcoin
2024ICARUS-TIMELINE-1-2024-39,001475e4e6fcd1d8a133412c3118bdcf212e0fc66579,bc1qwhjwdlx3mzsnxsfvxyvtmnep9c8uvetendt562,bitcoin
2024ICARUS-TIMELINE-1-2024-40,0014edad6c718c4341758b9ded138516de17619bfaad,bc1qakkkcuvvgdqhtzuaa5fc29k7zaseh74d6xd8pc,bitcoin
2024ICARUS-TIMELINE-1-2024-41,001434b39d94b995b07f53fe691219bb908b124e635c,bc1qxjeem99ejkc875l7dyfpnwus3vfyuc6uzs7tfn,bitcoin
2024ICARUS-TIMELINE-1-2024-42,00143248b4533c1774b112ed0ea48c1c4b75ba26d784,bc1qxfytg5euza6tzyhdp6jgc8ztwkazd4uyr8qf59,bitcoin
2024ICARUS-TIMELINE-2-2024-1,001437fe9dc346648e89bc6b0affa1abd4142c18d280,bc1qxllfms6xvj8gn0rtptl6r275zskp355qwcq22x,bitcoin
2024ICARUS-TIMELINE-2-2024-2,00146518f8910370264e2a2e404fcccc22bd203ca87d,bc1qv5v03ygrwqnyu23wgp8uenpzh5sre2raez8zn3,bitcoin
2024ICARUS-TIMELINE-2-2024-3,00148f5fd311a5b7fbba03415f3a1187f440da8b5a24,bc1q3a0axyd9klam5q6ptuaprpl5grdgkk3y0fhqdv,bitcoin
2024ICARUS-TIMELINE-2-2024-4,0014d3f7862f389cf97b40e9cc512997a4af81ec45a9,bc1q60mcvtecnnuhks8fe3gjn9ay47q7c3df5tyf4k,bitcoin
2024ICARUS-TIMELINE-2-2024-5,00145b54d8414670a67724db29d4790ee6c31c4de237,bc1qtd2dss2xwzn8wfxm9828jrhxcvwymc3htah93c,bitcoin
2024ICARUS-TIMELINE-2-2024-6,0014a1a1450613e2576a31394eb3ac6aac14b81b8c33,bc1q5xs52psnuftk5vfef6e6c64vzjuphrpng395dv,bitcoin
2024ICARUS-TIMELINE-2-2024-7,0014357c8ad39bf6309290c8506927d9a3749db192d8,bc1qx47g45um7ccf9yxg2p5j0kdrwjwmrykc7rxmw2,bitcoin
2024ICARUS-TIMELINE-2-2024-8,001438fc6d363a8f45f23c8e3b94888b3dbf7bd862fe,bc1q8r7x6d363azly0yw8w2g3zeahaaasch7j0qjyg,bitcoin
2024ICARUS-TIMELINE-2-2024-9,00146d8ba8924a5cfac0ee51f27b7fb8909d7f11e2e8,bc1qdk963yj2tnavpmj37fahlwysn4l3rchgaf22r4,bitcoin
2024ICARUS-TIMELINE-2-2024-10,00143504433fd9ada02b6e0acf40fb12c0e03926bdbb,bc1qx5zyx07e4kszkms2eaq0kykququjd0dmsjvqr8,bitcoin
2024ICARUS-TIMELINE-2-2024-11,0014afe7309b1456015b65f6b6b04e4c174f20769563,bc1q4lnnpxc52cq4ke0kk6cyunqhfus8d9trdm0w9r,bitcoin
2024ICARUS-TIMELINE-2-2024-12,001491afe1ac41989b5a397a393f17b86e8313825719,bc1qjxh7rtzpnzd45wt68yl30wrwsvfcy4ce8juf74,bitcoin
2024ICARUS-TIMELINE-2-2024-13,00148addef99380f4c557fee209d29f49409a7838bdb,bc1q3tw7lxfcpax92llwyzwjnay5pxnc8z7m9tg5c3,bitcoin
2024ICARUS-TIMELINE-2-2024-14,00142d8bc813708cd3036831135217261049afd276cb,bc1q9k9usyms3nfsx6p3zdfpwfssfxhayaktmjgkl6,bitcoin
2024ICARUS-TIMELINE-2-2024-15,0014ab233510eb2ff24937c7c2062bb0cbf64fbaa866,bc1q4v3n2y8t9leyjd78cgrzhvxt7e8m42rxv3mglm,bitcoin
2024ICARUS-TIMELINE-2-2024-16,0014009dab40b77e6de8d6a9d8a8da698e79adee0e37,bc1qqzw6ks9h0ek7344fmz5d56vw0xk7ur3h3vagms,bitcoin
2024ICARUS-TIMELINE-2-2024-17,0014a9e0177a15aebe9af49ecec5619d1d64ef295685,bc1q48spw7s446lf4ay7emzkr8gavnhjj4596yx77p,bitcoin
2024ICARUS-TIMELINE-2-2024-18,00149a63a8b314328f0ebaebc4e58d30e3de92e9c054,bc1qnf363vc5x28sawhtcnjc6v8rm6fwnsz53aaf28,bitcoin
2024ICARUS-TIMELINE-2-2024-19,00149c6e6f9154b28b930099e599c76cba5a1857975b,bc1qn3hxly25k29exqyeukvuwm96tgv9096m05scn9,bitcoin
2024ICARUS-TIMELINE-2-2024-20,0014a642e29e6d786ae70457af7e7d6b90cfbabe7729,bc1q5epw98nd0p4wwpzh4al866use7atuaefhxz9kc,bitcoin
2024ICARUS-TIMELINE-2-2024-21,0014535d21a19ac568e39e185e065322dbd38dcf7fcc,bc1q2dwjrgv6c45w88sctcr9xgkm6wxu7l7v7cj7r2,bitcoin
2024ICARUS-TIMELINE-2-2024-22,001442489f7cee1b94d8a598eccba540726eb77eb033,bc1qgfyf7l8wrw2d3fvcan962srjd6mhavpnh260hu,bitcoin
2024ICARUS-TIMELINE-2-2024-23,001449d847aec44466b98a3f9771ed346b8678ba1fbb,bc1qf8vy0tkyg3ntnz3ljac76drtseut58amsk6ft8,bitcoin
2024ICARUS-TIMELINE-2-2024-24,0014c9a6601ac43d4e8992f9bfcf972f2ae1a42315e0,bc1qexnxqxky848gnyhehl8ewte2uxjzx90qy6mvka,bitcoin
2024ICARUS-TIMELINE-2-2024-25,00143034d1274cba07003797d4edb774e0890b9e5133,bc1qxq6dzf6vhgrsqduh6nkmwa8q3y9eu5fn5dljxs,bitcoin
2024ICARUS-TIMELINE-2-2024-26,001491b9d377f01ccb71c6f08f5389c7e05913a8fae6,bc1qjxuaxalsrn9hr3hs3afcn3lqtyf637hx7f6r70,bitcoin
2024ICARUS-TIMELINE-2-2024-27,001432e3cbf8d15225e9d92429cf2e604fe06c254c16,bc1qxt3uh7x32gj7nkfy988jucz0upkz2nqkja2psm,bitcoin
2024ICARUS-TIMELINE-2-2024-28,00144c5cdbd8a8a3dbb9f5940b48dc90cbd251182369,bc1qf3wdhk9g50dmnav5pdydeyxt6fg3sgmfdc8yeu,bitcoin
2024ICARUS-TIMELINE-2-2024-29,00149ce46e5ea0339cfb758efb71dd24ebc541e14b90,bc1qnnjxuh4qxww0kavwldca6f8tc4q7zjusc8dd3g,bitcoin
2024ICARUS-TIMELINE-2-2024-30,00141ca98198359125b202e61cf3dc10411457d293f6,bc1qrj5crxp4jyjmyqhxrneacyzpz3ta9ylkkae8qx,bitcoin
2024ICARUS-TIMELINE-2-2024-31,0014a01d8bef0c1084d5bb01cb4fd4c8551dee401cc5,bc1q5qwchmcvzzzdtwcped8afjz4rhhyq8x9e49mpd,bitcoin
2024ICARUS-TIMELINE-2-2024-32,001471fb0069462520276985eca994bb59a3f1887f84,bc1qw8asq62xy5szw6v9aj5efw6e50ccsluylhwz8c,bitcoin
2024ICARUS-TIMELINE-2-2024-33,00145399046444b44dc5ca0464a4d62dcd312d1bc551,bc1q2wvsgezyk3xutjsyvjjdvtwdxyk3h323de470l,bitcoin
2024ICARUS-TIMELINE-2-2024-34,0014e818a0fc0776a4c5584ba003b8511760e2df82b5,bc1qaqv2plq8w6jv2kzt5qpms5ghvr3dlq44uzk6fu,bitcoin
2024ICARUS-TIMELINE-2-2024-35,0014f7dfd5008a21881a0477df73d143c57305567037,bc1q7l0a2qy2yxyp5prhmaeazs79wvz4vuphh8hjzm,bitcoin
2024ICARUS-TIMELINE-2-2024-36,0014d2084459fde445cbfda0deafd1948133875be9da,bc1q6gyygk0au3zuhldqm6har9ypxwr4h6w6dpgfkd,bitcoin
2024ICARUS-TIMELINE-2-2024-37,001429712e48fce4e346cbfb99e3271042a7e494516e,bc1q99cjuj8uun35djlmn83jwyzz5ljfg5twngar4l,bitcoin
2024ICARUS-TIMELINE-2-2024-38,001458fd7d337e87f469619771e40b884810d34e525d,bc1qtr7h6vm7sl6xjcvhw8jqhzzgzrf5u5janjj6la,bitcoin
2024ICARUS-TIMELINE-2-2024-39,001407a309ca3cc99e7164bb31d8c7a63c29d0d1a1e3,bc1qq73snj3uex08ze9mx8vv0f3u98gdrg0r33hmht,bitcoin
2024ICARUS-TIMELINE-2-2024-40,0014a8866799373596ac7eb7fa5b349028c0cfa56f37,bc1q4zrx0xfhxkt2cl4hlfdnfypgcr862mehj5h6sz,bitcoin
2024ICARUS-TIMELINE-2-2024-41,001437d0cdee68ddf192e3bc49df819dae4d696075be,bc1qxlgvmmngmhce9cauf80cr8dwf45kqad7s3jn32,bitcoin
2024ICARUS-TIMELINE-2-2024-42,0014b25923df0faea3f62c9095ca1695b215634cba62,bc1qkfvj8hc0463lvtysjh9pd9djz435ewnz5s4lp6,bitcoin
2024ICARUS-TIMELINE-3-2024-1,0014034d9c872633f555e1b8ca55a330c3ebd26bfd10,bc1qqdxeepexx064tcdcef26xvxra0fxhlgsvzvu5l,bitcoin
2024ICARUS-TIMELINE-3-2024-2,001466259d3b8479f0ba7eebd8e6e784dc620a8072d0,bc1qvcje6wuy08ct5lhtmrnw0pxuvg9gqukscrqp24,bitcoin
2024ICARUS-TIMELINE-3-2024-3,001454384661cc20ea456288d7c73ac8abd91e487172,bc1q2suyvcwvyr4y2c5g6lrn4j9tmy0ysutjqfxqu9,bitcoin
2024ICARUS-TIMELINE-3-2024-4,00143af62d490167629822bc5ea1314b524dcd43558d,bc1q8tmz6jgpva3fsg4ut6snzj6jfhx5x4vdurrssn,bitcoin
2024ICARUS-TIMELINE-3-2024-5,00140aa76a608cf8eb2542b9b524b4d191c063b78a02,bc1qp2nk5cyvlr4j2s4ek5jtf5v3cp3m0zszfg86ep,bitcoin
2024ICARUS-TIMELINE-3-2024-6,001437d565c6595064e54c2319103051bb6e66296a5b,bc1qxl2kt3je2pjw2nprrygrq5dmdenzj6jmdrxc7r,bitcoin
2024ICARUS-TIMELINE-3-2024-7,0014dfee5fcc2d7ca516ecca21485a6522c7666a6123,bc1qmlh9lnpd0jj3dmx2y9y95efzcanx5cfrxqrnja,bitcoin
2024ICARUS-TIMELINE-3-2024-8,001431b1d5aaf618838f9bd40bb3076149e98bcbf574,bc1qxxcat2hkrzpclx75pweswc2fax9uhat5k4qjsz,bitcoin
2024ICARUS-TIMELINE-3-2024-9,0014a459f803fd11868abad2b7c79fe680857987cd0a,bc1q53vlsqlazxrg4wkjklrele5qs4uc0ng2u0l2xm,bitcoin
2024ICARUS-TIMELINE-3-2024-10,0014ce3cf95f1d9cb2a1cb393532f6cc1efdeeaa8c67,bc1qec70jhcanje2rjeex5e0dnq7lhh24rr89hsglf,bitcoin
2024ICARUS-TIMELINE-3-2024-11,0014ad02b5d3c121e284938c6daffef8f8f453313196,bc1q45ptt57py83gfyuvdkhla78c73fnzvvkkmu6ul,bitcoin
2024ICARUS-TIMELINE-3-2024-12,0014aee62b365e1ec7419e1a5fccc5155e70dd37d04c,bc1q4mnzkdj7rmr5r8s6tlxv2927wrwn05zvvc80we,bitcoin
2024ICARUS-TIMELINE-3-2024-13,001472b6e29cc56add03a66e3c4a7807771c9e373324,bc1qw2mw98x9dtws8fnw8398spmhrj0rwveys55wf8,bitcoin
2024ICARUS-TIMELINE-3-2024-14,00140455bb872dfde30357b937e9ee8c084c925bc0d6,bc1qq32mhpedlh3sx4aexl57arqgfjf9hsxksg7zzv,bitcoin
2024ICARUS-TIMELINE-3-2024-15,001400c2f658a43b84d5a4e42a74f98f8195d9d1e320,bc1qqrp0vk9y8wzdtf8y9f60nrupjhvarceqw3m848,bitcoin
2024ICARUS-TIMELINE-3-2024-16,001435f2822b658b433a30d25e920e903ef262b7d543,bc1qxhegy2m93dpn5vxjt6fqayp77f3t042rx60ge7,bitcoin
2024ICARUS-TIMELINE-3-2024-17,001409d2a3767700353c1b56f3518f63d9932fbb24c3,bc1qp8f2xanhqq6ncx6k7dgc7c7ejvhmkfxrfv5ve0,bitcoin
2024ICARUS-TIMELINE-3-2024-18,00145f73a297cbdb08dca5c03d9d99d87b9d255b1d9e,bc1qtae6997tmvydefwq8kwenkrmn5j4k8v76amuaj,bitcoin
2024ICARUS-TIMELINE-3-2024-19,0014fd3409b6f80b17120434f6877f9ba936a2e9f516,bc1ql56qndhcpvt3ypp576rhlxafx63wnagk5m8cl6,bitcoin
2024ICARUS-TIMELINE-3-2024-20,0014b4479a39491010a10cf9d837d2ebf9d6b853c213,bc1qk3re5w2fzqg2zr8emqma96le66u98ssn4szqlz,bitcoin
2024ICARUS-TIMELINE-3-2024-21,001400a2fcfdabbe969bee6231c782fb3c7bb35111fe,bc1qqz30eldth6tfhmnzx8rc97eu0we4zy0776demn,bitcoin
2024ICARUS-TIMELINE-3-2024-22,00142c7aac994f6e124342c19f5ee6082f612efd6598,bc1q93a2ex20dcfyxskpna0wvzp0vyh06evcjvrnf9,bitcoin
2024ICARUS-TIMELINE-3-2024-23,0014b6636cc671d2af055c6fcf9ac97a9764da70dbd9,bc1qke3ke3n362hs2hr0e7dvj75hvnd8pk7enx0sa4,bitcoin
2024ICARUS-TIMELINE-3-2024-24,00149e991f97fda07460d63ccb40cfeead6e6ca6d47b,bc1qn6v3l9la5p6xp43uedqvlm4ddek2d4rmdrns8n,bitcoin
2024ICARUS-TIMELINE-3-2024-25,0014ddf1baec683311f7d77436349a3aac09be2ea25b,bc1qmhcm4mrgxvgl04m5xc6f5w4vpxlzagjm7w8mkh,bitcoin
2024ICARUS-TIMELINE-3-2024-26,00148d28ca064b62d0235350164d2a9e72d73cf3bb1e,bc1q355v5pjtvtgzx56szexj48nj6u708wc7e39f63,bitcoin
2024ICARUS-TIMELINE-3-2024-27,00145ef6f209a7ab94ad1bf0a74770d07dbc564e0398,bc1qtmm0yzd84w226xls5arhp5rah3tyuqucf5906d,bitcoin
2024ICARUS-TIMELINE-3-2024-28,00149283bdf75adf903709f4723604ac03eeb0bfad1f,bc1qj2pmma66m7grwz05wgmqftqra6ctltglqvknhq,bitcoin
2024ICARUS-TIMELINE-3-2024-29,00145b0993eaec3cc1b00ce52390b0aedea8fce81454,bc1qtvye86hv8nqmqr89ywgtptk74r7ws9z58etc9q,bitcoin
2024ICARUS-TIMELINE-3-2024-30,0014b741f6453d8030a9cc44e809e005eb6b28c87851,bc1qkaqlv3fasqc2nnzyaqy7qp0tdv5vs7z3psr8c9,bitcoin
2024ICARUS-TIMELINE-3-2024-31,001498c67ff3d54630d0b894d5752286e0cec487039f,bc1qnrr8lu74gccdpwy5646j9phqemzgwqulhzzhvg,bitcoin
2024ICARUS-TIMELINE-3-2024-32,0014627f89ffbbb9e624cdb5a990114c32808c8c5164,bc1qvflcnlamh8nzfnd44xgpznpjszxgc5tycgg87q,bitcoin
2024ICARUS-TIMELINE-3-2024-33,0014cf146484c71e5d973c8c9eba8fddfa59c004d36a,bc1qeu2xfpx8rewew0yvn6aglh06t8qqf5m2plm8hh,bitcoin
2024ICARUS-TIMELINE-3-2024-34,0014827d5c6d2fb592a647481b1da56ee5adef109bd7,bc1qsf74cmf0kkf2v36grvw62mh94hh3px7hq8lmy6,bitcoin
2024ICARUS-TIMELINE-3-2024-35,0014144bbb2b848deddebfc2c40b90853f1d615070c6,bc1qz39mk2uy3hkaa07zcs9eppflr4s4quxx5g25pz,bitcoin
2024ICARUS-TIMELINE-3-2024-36,0014209b5a81713ec86295a6a45f3196588881d297c8,bc1qyzd44qt38myx99dx530nr9jc3zqa997gkmquuk,bitcoin
2024ICARUS-TIMELINE-3-2024-37,001404faba8dbab457b2bab03cc868e1fb9733af24a8,bc1qqnat4rd6k3tm9w4s8nyx3c0mjue67f9gr25cfe,bitcoin
2024ICARUS-TIMELINE-3-2024-38,0014c3465e306f45cdd6345b8d1ba87911972e443050,bc1qcdr9uvr0ghxavdzm35d6s7g3juhygvzsahuum0,bitcoin
2024ICARUS-TIMELINE-3-2024-39,0014af588d71ef1d77269e688a708ae2eec961a19b79,bc1q4avg6u00r4mjd8ng3fcg4chwe9s6rxmegec8qv,bitcoin
2024ICARUS-TIMELINE-3-2024-40,0014bbb9d05747d83b3e078876a690960ebd7dfe4149,bc1qhwuaq468mqanupugw6nfp9swh47lus2f7n0ssq,bitcoin
2024ICARUS-TIMELINE-3-2024-41,001471806f566460d7ae0736e898621820cb43e9c74d,bc1qwxqx74nyvrt6upekazvxyxpqedp7n36dg5d5p4,bitcoin
2024ICARUS-TIMELINE-3-2024-42,0014e5f3ad1082e260b1ba676b2950941a4738b4178f,bc1quhe66yyzufstrwn8dv54p9q6guutg9u0t4r37r,bitcoin