flag_scope,flag_type,flag_key
creators,scam,yogg
items,stolen,2018BTCC-0-1-VSERIES-W00294
series,compromised,polymerbit-10y-anniversary-note
items,stolen,CASASCIUS-FINE-SILVER-1AgbCTCCBQ
items,stolen,S2-2013-CASASCIUS-0-5-12DcCova9i
items,stolen,2022RARITYCHECK-VIBGYOR-ORANGE-SILVER-121
items,stolen,CASASCIUS-FINE-SILVER-1Ag4iRiKBQ
items,stolen,2022-1HODLCLUB-GOLD-POKER-CHIP-1
items,stolen,2022-1HODLCLUB-GOLD-POKER-CHIP-2
items,stolen,2022-1HODLCLUB-GOLD-POKER-CHIP-3
items,stolen,2022-1HODLCLUB-1OZ-SILVER-INGOT-1ozBTCk5VkCzkrdwzoXd
items,stolen,2022MYBITS-SERIES-2-GILT-3
items,stolen,2022MYBITS-SERIES-2-GILT-4
items,stolen,2022MYBITS-SERIES-2-GILT-5
items,stolen,2022MYBITS-SERIES-2-GILT-6
items,stolen,2022MYBITS-SERIES-2-GILT-7
items,stolen,2022MYBITS-SERIES-2-GILT-8
items,stolen,2022MYBITS-SERIES-2-GILT-9
items,stolen,2022MYBITS-SERIES-2-GILT-10
items,stolen,2022MYBITS-SERIES-2-GILT-11
items,stolen,2022MYBITS-SERIES-2-GILT-12
items,stolen,2022MYBITS-SERIES-2-GILT-13
items,stolen,2022MYBITS-SERIES-2-GILT-14
items,stolen,2022MYBITS-SERIES-2-GILT-15
items,stolen,2022MYBITS-SERIES-2-GILT-16
items,stolen,2022MYBITS-SERIES-2-GILT-17
items,stolen,2022MYBITS-SERIES-2-GILT-18
items,stolen,2022MYBITS-SERIES-2-GILT-19
items,stolen,2022MYBITS-SERIES-2-GILT-20
items,stolen,2022MYBITS-SERIES-2-GILT-21
items,stolen,2022MYBITS-SERIES-2-GILT-22
items,stolen,2022MYBITS-SERIES-2-GILT-23
items,stolen,2022MYBITS-SERIES-2-GILT-24
items,stolen,2022MYBITS-SERIES-2-GILT-25
items,stolen,2022MYBITS-SERIES-2-GILT-26
items,stolen,2022MYBITS-SERIES-2-GILT-27
items,stolen,2022MYBITS-SERIES-2-GILT-28
items,stolen,2022MYBITS-SERIES-2-GILT-29
items,stolen,2022MYBITS-SERIES-2-GILT-30
items,stolen,2022MYBITS-SERIES-2-GILT-31
items,stolen,2022MYBITS-SERIES-2-GILT-32
items,stolen,2022MYBITS-SERIES-2-GILT-33
items,stolen,2022MYBITS-SERIES-2-GILT-34
items,stolen,2022MYBITS-SERIES-2-GILT-35
items,stolen,2022MYBITS-SERIES-2-GILT-36
items,stolen,2022MYBITS-SERIES-2-GILT-37
items,stolen,2022MYBITS-SERIES-2-GILT-38
items,stolen,2022MYBITS-SERIES-2-GILT-39
items,stolen,2022MYBITS-SERIES-2-GILT-40
items,stolen,2022MYBITS-SERIES-2-GILT-41
items,stolen,2022MYBITS-SERIES-2-GILT-42
items,stolen,2022MYBITS-SERIES-2-GILT-43
items,stolen,2022MYBITS-SERIES-2-GILT-44
items,stolen,2022MYBITS-SERIES-2-GILT-45
items,stolen,2022MYBITS-SERIES-2-GILT-46
items,stolen,2022MYBITS-SERIES-2-GILT-47
items,stolen,2022MYBITS-SERIES-2-GILT-48
items,stolen,2022MYBITS-SERIES-2-GILT-49
items,stolen,2022MYBITS-SERIES-2-GILT-50
items,stolen,2022MYBITS-SERIES-2-GILT-51
items,stolen,2022MYBITS-SERIES-2-GILT-52
items,stolen,2022MYBITS-SERIES-2-GILT-53
items,stolen,2022MYBITS-SERIES-2-GILT-54
items,stolen,2022MYBITS-SERIES-2-GILT-55
items,stolen,2022MYBITS-SERIES-2-GILT-56
items,stolen,2022MYBITS-SERIES-2-GILT-57
items,stolen,2022MYBITS-SERIES-2-GILT-58
items,stolen,2022MYBITS-SERIES-2-GILT-59
items,stolen,2022MYBITS-SERIES-2-GILT-60
items,stolen,2022MYBITS-SERIES-2-GILT-61
items,stolen,2022MYBITS-SERIES-2-GILT-62
items,stolen,2022MYBITS-SERIES-2-GILT-63
items,stolen,2022MYBITS-SERIES-2-GILT-64
items,stolen,2022MYBITS-SERIES-2-GILT-65
items,stolen,2022MYBITS-SERIES-2-GILT-66
items,stolen,2022MYBITS-SERIES-2-GILT-67
items,stolen,2022MYBITS-SERIES-2-GILT-68
items,stolen,2022MYBITS-SERIES-2-GILT-69
items,stolen,2022MYBITS-SERIES-2-GILT-70
items,stolen,2022MYBITS-SERIES-2-GILT-71
items,stolen,2022MYBITS-SERIES-2-GILT-72
items,stolen,2022MYBITS-SERIES-2-GILT-73
items,stolen,2022MYBITS-SERIES-2-GILT-74
items,stolen,2022MYBITS-SERIES-2-GILT-75
items,stolen,2022MYBITS-SERIES-2-GILT-76
items,stolen,2022MYBITS-SERIES-2-GILT-77
items,stolen,2022MYBITS-SERIES-2-GILT-78
items,stolen,2022MYBITS-SERIES-2-GILT-79
items,stolen,2022MYBITS-SERIES-2-GILT-80
items,stolen,2022MYBITS-SERIES-2-GILT-81
items,stolen,2022MYBITS-SERIES-2-GILT-82
items,stolen,2022MYBITS-SERIES-2-GILT-83
items,stolen,2022MYBITS-SERIES-2-GILT-84
items,stolen,2022MYBITS-SERIES-2-GILT-85
items,stolen,2022MYBITS-SERIES-2-GILT-86
items,stolen,2022MYBITS-SERIES-2-GILT-87
items,stolen,2022MYBITS-SERIES-2-GILT-88
items,stolen,2022MYBITS-SERIES-2-GILT-89
items,stolen,2022MYBITS-SERIES-2-GILT-90
items,stolen,2022MYBITS-SERIES-2-GILT-91
items,stolen,2022MYBITS-SERIES-2-GILT-92
items,stolen,2022MYBITS-SERIES-2-GILT-93
items,stolen,2022MYBITS-SERIES-2-GILT-94
items,stolen,2022MYBITS-SERIES-2-GILT-95
items,stolen,2022MYBITS-SERIES-2-GILT-96
items,stolen,2022MYBITS-SERIES-2-GILT-97
items,stolen,2022MYBITS-SERIES-2-GILT-98
items,stolen,2022MYBITS-SERIES-2-GILT-99
items,stolen,2022MYBITS-SERIES-2-GILT-100
items,stolen,2022MYBITS-SERIES-2-GILT-101
items,stolen,2022MYBITS-SERIES-2-GILT-102
items,stolen,2022MYBITS-SERIES-2-GILT-103
items,stolen,2022MYBITS-SERIES-2-GILT-104
items,stolen,2022MYBITS-SERIES-2-GILT-121
items,stolen,2022MYBITS-SERIES-2-GILT-122
items,stolen,2022MYBITS-SERIES-2-GILT-123
items,stolen,2022MYBITS-SERIES-2-GILT-124
items,stolen,2022MYBITS-SERIES-2-GILT-125
items,stolen,2022MYBITS-SERIES-2-GILT-126
items,stolen,2022MYBITS-SERIES-2-GILT-127
items,stolen,2022MYBITS-SERIES-2-GILT-128
series,compromised,raritycheck-vibgyor-orange-silver
series,compromised,raritycheck-vibgyor-orange-gilded
items,stolen,2016CI-HALVING-16kcmh3nqU
