SKU,series_slug,serial
2016BTCC-5-VSERIES-2STAR-AP-0,btcc-2016-5btc-v-series-2-stars-ap,
2016BTCC-5-VSERIES-2STAR-AP-1,btcc-2016-5btc-v-series-2-stars-ap,
2016BTCC-5-VSERIES-2STAR-AP-2,btcc-2016-5btc-v-series-2-stars-ap,
2016BTCC-5-VSERIES-2STAR-AP-3,btcc-2016-5btc-v-series-2-stars-ap,
2016BTCC-5-VSERIES-2STAR-AP-4,btcc-2016-5btc-v-series-2-stars-ap,
2019POLYMERBIT-10TH-ANNIVERSARY-AA001,polymerbit-10y-anniversary-note,AA001
2019POLYMERBIT-10TH-ANNIVERSARY-AA002,polymerbit-10y-anniversary-note,AA002
2019POLYMERBIT-10TH-ANNIVERSARY-AA003,polymerbit-10y-anniversary-note,AA003
2019POLYMERBIT-10TH-ANNIVERSARY-AA004,polymerbit-10y-anniversary-note,AA004
2019POLYMERBIT-10TH-ANNIVERSARY-AA005,polymerbit-10y-anniversary-note,AA005
2019POLYMERBIT-10TH-ANNIVERSARY-AA006,polymerbit-10y-anniversary-note,AA006
2019POLYMERBIT-10TH-ANNIVERSARY-AA007,polymerbit-10y-anniversary-note,AA007
2019POLYMERBIT-10TH-ANNIVERSARY-AA008,polymerbit-10y-anniversary-note,AA008
2019POLYMERBIT-10TH-ANNIVERSARY-AA009,polymerbit-10y-anniversary-note,AA009
2019POLYMERBIT-10TH-ANNIVERSARY-AA010,polymerbit-10y-anniversary-note,AA010
2019POLYMERBIT-10TH-ANNIVERSARY-AA011,polymerbit-10y-anniversary-note,AA011
2019POLYMERBIT-10TH-ANNIVERSARY-AA012,polymerbit-10y-anniversary-note,AA012
2019POLYMERBIT-10TH-ANNIVERSARY-AA013,polymerbit-10y-anniversary-note,AA013
2019POLYMERBIT-10TH-ANNIVERSARY-AA014,polymerbit-10y-anniversary-note,AA014
2019POLYMERBIT-10TH-ANNIVERSARY-AA015,polymerbit-10y-anniversary-note,AA015
2019POLYMERBIT-10TH-ANNIVERSARY-AA016,polymerbit-10y-anniversary-note,AA016
2019POLYMERBIT-10TH-ANNIVERSARY-AA017,polymerbit-10y-anniversary-note,AA017
2019POLYMERBIT-10TH-ANNIVERSARY-AA018,polymerbit-10y-anniversary-note,AA018
2019POLYMERBIT-10TH-ANNIVERSARY-AA019,polymerbit-10y-anniversary-note,AA019
2019POLYMERBIT-10TH-ANNIVERSARY-AA020,polymerbit-10y-anniversary-note,AA020
2019POLYMERBIT-10TH-ANNIVERSARY-AA021,polymerbit-10y-anniversary-note,AA021