Name,Slug,Creators
BitBills Beta,bitbills-beta,bitbills
BitBills Metal Bank Cards,bitbills-metal,bitbills
"BTCC 2016 Five Bitcoin, V Series (2-star) - Artist Proof",btcc-2016-5btc-v-series-2-stars-ap,btcc
Polymerbit 10 Years Of Bitcoin,polymerbit-10y-anniversary-note,"polymerbit,xprim777,yogg"
Gearing Bitcoin Coin Set,ci-gearing-btc-set,crypto-imperator
Dual Loaded Bitcoin/Litecoin,cypher-hodl-dual-btc-ltc,"krogoth,cypher-hodl"
Icarus Skull Edition,icarus-skull-edition,"icarus,jayce"
Icarus Timeline Edition 10/2023,icarus-timeline-10-2023,"icarus,mx12-art"
Icarus Timeline Edition 11/2023,icarus-timeline-11-2023,"icarus,mx12-art"
Icarus Bitcointalk Hat Edition,icarus-bitcointalk-hat,icarus
Icarus Timeline Edition 12/2023,icarus-timeline-12-2023,"icarus,mx12-art"
Icarus Timeline Edition 1/2024,icarus-timeline-1-2024,"icarus,vizique"
Icarus Timeline Edition 2/2024,icarus-timeline-2-2024,"icarus,vizique"
Icarus Timeline Edition 3/2024,icarus-timeline-3-2024,"icarus,vizique"